img_id,split,sat_img_path,mask_path,classes
100694,train,DSet/train\100694_sat.jpg,DSet/train\100694_mask.png,"['rangeland', 'agriculture_land']"
102122,train,DSet/train\102122_sat.jpg,DSet/train\102122_mask.png,"['water', 'rangeland', 'agriculture_land']"
10233,train,DSet/train\10233_sat.jpg,DSet/train\10233_mask.png,"['water', 'urban_land', 'agriculture_land']"
103665,train,DSet/train\103665_sat.jpg,DSet/train\103665_mask.png,"['water', 'rangeland', 'agriculture_land']"
103730,train,DSet/train\103730_sat.jpg,DSet/train\103730_mask.png,"['urban_land', 'rangeland', 'agriculture_land']"
104113,train,DSet/train\104113_sat.jpg,DSet/train\104113_mask.png,"['urban_land', 'rangeland', 'agriculture_land', 'barren_land']"
10452,train,DSet/train\10452_sat.jpg,DSet/train\10452_mask.png,"['water', 'forest_land', 'urban_land', 'rangeland', 'agriculture_land']"
10901,train,DSet/train\10901_sat.jpg,DSet/train\10901_mask.png,"['water', 'urban_land', 'barren_land']"
111335,train,DSet/train\111335_sat.jpg,DSet/train\111335_mask.png,"['water', 'forest_land', 'rangeland', 'agriculture_land', 'barren_land']"
114433,train,DSet/train\114433_sat.jpg,DSet/train\114433_mask.png,"['forest_land', 'rangeland', 'agriculture_land', 'barren_land']"
114473,train,DSet/train\114473_sat.jpg,DSet/train\114473_mask.png,"['forest_land', 'rangeland', 'agriculture_land', 'barren_land']"
114577,train,DSet/train\114577_sat.jpg,DSet/train\114577_mask.png,"['water', 'urban_land', 'barren_land']"
115444,train,DSet/train\115444_sat.jpg,DSet/train\115444_mask.png,"['water', 'urban_land', 'agriculture_land']"
119012,train,DSet/train\119012_sat.jpg,DSet/train\119012_mask.png,"['urban_land', 'agriculture_land', 'barren_land']"
119079,train,DSet/train\119079_sat.jpg,DSet/train\119079_mask.png,"['water', 'forest_land', 'urban_land', 'rangeland', 'agriculture_land']"
119,train,DSet/train\119_sat.jpg,DSet/train\119_mask.png,"['water', 'urban_land', 'rangeland', 'agriculture_land']"
120245,train,DSet/train\120245_sat.jpg,DSet/train\120245_mask.png,"['water', 'agriculture_land']"
120625,train,DSet/train\120625_sat.jpg,DSet/train\120625_mask.png,"['water', 'urban_land', 'rangeland', 'agriculture_land', 'barren_land']"
122104,train,DSet/train\122104_sat.jpg,DSet/train\122104_mask.png,"['water', 'forest_land', 'urban_land', 'rangeland', 'agriculture_land', 'barren_land']"
122178,train,DSet/train\122178_sat.jpg,DSet/train\122178_mask.png,"['forest_land', 'urban_land', 'rangeland', 'agriculture_land']"
123172,train,DSet/train\123172_sat.jpg,DSet/train\123172_mask.png,"['water', 'rangeland', 'agriculture_land', 'barren_land']"
124529,train,DSet/train\124529_sat.jpg,DSet/train\124529_mask.png,"['water', 'urban_land', 'rangeland', 'barren_land']"
125510,train,DSet/train\125510_sat.jpg,DSet/train\125510_mask.png,"['water', 'urban_land', 'rangeland', 'agriculture_land']"
125795,train,DSet/train\125795_sat.jpg,DSet/train\125795_mask.png,"['water', 'urban_land', 'rangeland', 'agriculture_land']"
126796,train,DSet/train\126796_sat.jpg,DSet/train\126796_mask.png,"['forest_land', 'urban_land', 'rangeland', 'agriculture_land']"
127660,train,DSet/train\127660_sat.jpg,DSet/train\127660_mask.png,"['water', 'urban_land', 'rangeland', 'agriculture_land']"
127976,train,DSet/train\127976_sat.jpg,DSet/train\127976_mask.png,"['unknown', 'rangeland', 'agriculture_land']"
129297,train,DSet/train\129297_sat.jpg,DSet/train\129297_mask.png,"['water', 'urban_land', 'rangeland', 'agriculture_land']"
129298,train,DSet/train\129298_sat.jpg,DSet/train\129298_mask.png,"['agriculture_land', 'barren_land']"
131720,train,DSet/train\131720_sat.jpg,DSet/train\131720_mask.png,"['urban_land', 'agriculture_land', 'barren_land']"
133209,train,DSet/train\133209_sat.jpg,DSet/train\133209_mask.png,"['water', 'forest_land', 'urban_land', 'agriculture_land', 'barren_land']"
133254,train,DSet/train\133254_sat.jpg,DSet/train\133254_mask.png,"['urban_land', 'rangeland', 'agriculture_land', 'barren_land']"
13415,train,DSet/train\13415_sat.jpg,DSet/train\13415_mask.png,"['forest_land', 'rangeland', 'agriculture_land', 'barren_land']"
134465,train,DSet/train\134465_sat.jpg,DSet/train\134465_mask.png,"['water', 'forest_land', 'urban_land', 'rangeland', 'barren_land']"
136252,train,DSet/train\136252_sat.jpg,DSet/train\136252_mask.png,"['water', 'urban_land', 'rangeland', 'agriculture_land', 'barren_land']"
137499,train,DSet/train\137499_sat.jpg,DSet/train\137499_mask.png,"['water', 'urban_land', 'rangeland', 'agriculture_land', 'barren_land']"
137806,train,DSet/train\137806_sat.jpg,DSet/train\137806_mask.png,"['water', 'urban_land', 'rangeland', 'agriculture_land', 'barren_land']"
139482,train,DSet/train\139482_sat.jpg,DSet/train\139482_mask.png,"['water', 'urban_land', 'rangeland', 'agriculture_land', 'barren_land']"
139581,train,DSet/train\139581_sat.jpg,DSet/train\139581_mask.png,"['water', 'urban_land', 'agriculture_land']"
140299,train,DSet/train\140299_sat.jpg,DSet/train\140299_mask.png,"['urban_land', 'rangeland', 'agriculture_land']"
141685,train,DSet/train\141685_sat.jpg,DSet/train\141685_mask.png,"['water', 'urban_land', 'rangeland', 'agriculture_land']"
142766,train,DSet/train\142766_sat.jpg,DSet/train\142766_mask.png,"['water', 'urban_land', 'rangeland', 'agriculture_land']"
143353,train,DSet/train\143353_sat.jpg,DSet/train\143353_mask.png,"['urban_land', 'agriculture_land']"
143364,train,DSet/train\143364_sat.jpg,DSet/train\143364_mask.png,"['water', 'urban_land', 'rangeland', 'agriculture_land']"
143794,train,DSet/train\143794_sat.jpg,DSet/train\143794_mask.png,"['forest_land', 'agriculture_land', 'barren_land']"
147545,train,DSet/train\147545_sat.jpg,DSet/train\147545_mask.png,"['urban_land', 'rangeland', 'agriculture_land']"
147716,train,DSet/train\147716_sat.jpg,DSet/train\147716_mask.png,"['water', 'forest_land', 'agriculture_land', 'barren_land']"
148260,train,DSet/train\148260_sat.jpg,DSet/train\148260_mask.png,"['rangeland', 'agriculture_land']"
148381,train,DSet/train\148381_sat.jpg,DSet/train\148381_mask.png,"['forest_land', 'rangeland', 'agriculture_land', 'barren_land']"
149624,train,DSet/train\149624_sat.jpg,DSet/train\149624_mask.png,"['water', 'urban_land', 'rangeland', 'agriculture_land', 'barren_land']"
152569,train,DSet/train\152569_sat.jpg,DSet/train\152569_mask.png,"['forest_land', 'urban_land', 'agriculture_land', 'barren_land']"
154124,train,DSet/train\154124_sat.jpg,DSet/train\154124_mask.png,"['urban_land', 'rangeland', 'agriculture_land', 'barren_land']"
154626,train,DSet/train\154626_sat.jpg,DSet/train\154626_mask.png,"['urban_land', 'rangeland', 'agriculture_land']"
155165,train,DSet/train\155165_sat.jpg,DSet/train\155165_mask.png,"['water', 'urban_land', 'rangeland', 'agriculture_land', 'barren_land']"
15573,train,DSet/train\15573_sat.jpg,DSet/train\15573_mask.png,"['forest_land', 'rangeland', 'agriculture_land', 'barren_land']"
156574,train,DSet/train\156574_sat.jpg,DSet/train\156574_mask.png,"['water', 'forest_land', 'urban_land', 'rangeland', 'agriculture_land']"
156951,train,DSet/train\156951_sat.jpg,DSet/train\156951_mask.png,"['water', 'urban_land', 'rangeland', 'agriculture_land', 'barren_land']"
157839,train,DSet/train\157839_sat.jpg,DSet/train\157839_mask.png,"['water', 'urban_land', 'agriculture_land']"
158163,train,DSet/train\158163_sat.jpg,DSet/train\158163_mask.png,"['urban_land', 'rangeland', 'agriculture_land']"
159177,train,DSet/train\159177_sat.jpg,DSet/train\159177_mask.png,"['water', 'urban_land', 'rangeland']"
159280,train,DSet/train\159280_sat.jpg,DSet/train\159280_mask.png,"['water', 'urban_land', 'rangeland', 'agriculture_land', 'barren_land']"
159322,train,DSet/train\159322_sat.jpg,DSet/train\159322_mask.png,"['water', 'urban_land', 'rangeland', 'agriculture_land']"
160037,train,DSet/train\160037_sat.jpg,DSet/train\160037_mask.png,"['water', 'urban_land', 'agriculture_land', 'barren_land']"
161109,train,DSet/train\161109_sat.jpg,DSet/train\161109_mask.png,"['forest_land', 'rangeland', 'agriculture_land', 'barren_land']"
161838,train,DSet/train\161838_sat.jpg,DSet/train\161838_mask.png,"['urban_land', 'agriculture_land', 'barren_land']"
162310,train,DSet/train\162310_sat.jpg,DSet/train\162310_mask.png,"['water', 'forest_land', 'urban_land', 'rangeland', 'agriculture_land', 'barren_land']"
164029,train,DSet/train\164029_sat.jpg,DSet/train\164029_mask.png,"['water', 'urban_land', 'rangeland', 'agriculture_land', 'barren_land']"
16453,train,DSet/train\16453_sat.jpg,DSet/train\16453_mask.png,"['urban_land', 'rangeland', 'agriculture_land']"
166293,train,DSet/train\166293_sat.jpg,DSet/train\166293_mask.png,"['water', 'urban_land', 'rangeland', 'agriculture_land']"
166805,train,DSet/train\166805_sat.jpg,DSet/train\166805_mask.png,"['water', 'forest_land', 'urban_land', 'barren_land']"
168514,train,DSet/train\168514_sat.jpg,DSet/train\168514_mask.png,"['urban_land', 'rangeland', 'agriculture_land', 'barren_land']"
170535,train,DSet/train\170535_sat.jpg,DSet/train\170535_mask.png,"['water', 'forest_land', 'barren_land']"
172307,train,DSet/train\172307_sat.jpg,DSet/train\172307_mask.png,"['water', 'forest_land', 'urban_land', 'rangeland', 'agriculture_land', 'barren_land']"
172854,train,DSet/train\172854_sat.jpg,DSet/train\172854_mask.png,"['urban_land', 'agriculture_land', 'barren_land']"
174980,train,DSet/train\174980_sat.jpg,DSet/train\174980_mask.png,"['forest_land', 'rangeland', 'agriculture_land', 'barren_land']"
176112,train,DSet/train\176112_sat.jpg,DSet/train\176112_mask.png,"['urban_land', 'rangeland', 'agriculture_land', 'barren_land']"
176225,train,DSet/train\176225_sat.jpg,DSet/train\176225_mask.png,"['water', 'forest_land', 'urban_land', 'barren_land']"
176506,train,DSet/train\176506_sat.jpg,DSet/train\176506_mask.png,"['urban_land', 'agriculture_land', 'barren_land']"
180902,train,DSet/train\180902_sat.jpg,DSet/train\180902_mask.png,"['water', 'urban_land', 'rangeland', 'barren_land']"
181447,train,DSet/train\181447_sat.jpg,DSet/train\181447_mask.png,"['urban_land', 'rangeland']"
182027,train,DSet/train\182027_sat.jpg,DSet/train\182027_mask.png,"['water', 'urban_land', 'rangeland', 'agriculture_land', 'barren_land']"
182422,train,DSet/train\182422_sat.jpg,DSet/train\182422_mask.png,"['forest_land', 'rangeland', 'agriculture_land', 'barren_land']"
185522,train,DSet/train\185522_sat.jpg,DSet/train\185522_mask.png,"['water', 'agriculture_land']"
185562,train,DSet/train\185562_sat.jpg,DSet/train\185562_mask.png,"['water', 'urban_land', 'rangeland', 'agriculture_land', 'barren_land']"
186739,train,DSet/train\186739_sat.jpg,DSet/train\186739_mask.png,"['water', 'agriculture_land', 'barren_land']"
192576,train,DSet/train\192576_sat.jpg,DSet/train\192576_mask.png,"['water', 'urban_land', 'rangeland', 'agriculture_land', 'barren_land']"
192602,train,DSet/train\192602_sat.jpg,DSet/train\192602_mask.png,"['water', 'urban_land', 'rangeland', 'agriculture_land', 'barren_land']"
192918,train,DSet/train\192918_sat.jpg,DSet/train\192918_mask.png,"['forest_land', 'rangeland', 'agriculture_land', 'barren_land']"
194156,train,DSet/train\194156_sat.jpg,DSet/train\194156_mask.png,"['water', 'urban_land', 'rangeland', 'agriculture_land', 'barren_land']"
195769,train,DSet/train\195769_sat.jpg,DSet/train\195769_mask.png,"['forest_land', 'urban_land', 'agriculture_land']"
19627,train,DSet/train\19627_sat.jpg,DSet/train\19627_mask.png,"['water', 'rangeland', 'agriculture_land', 'barren_land']"
200561,train,DSet/train\200561_sat.jpg,DSet/train\200561_mask.png,"['water', 'barren_land']"
200589,train,DSet/train\200589_sat.jpg,DSet/train\200589_mask.png,"['water', 'urban_land', 'agriculture_land', 'barren_land']"
20187,train,DSet/train\20187_sat.jpg,DSet/train\20187_mask.png,"['forest_land', 'rangeland', 'agriculture_land', 'barren_land']"
202277,train,DSet/train\202277_sat.jpg,DSet/train\202277_mask.png,"['water', 'forest_land', 'rangeland', 'agriculture_land', 'barren_land']"
204494,train,DSet/train\204494_sat.jpg,DSet/train\204494_mask.png,"['forest_land', 'urban_land', 'rangeland', 'agriculture_land']"
204562,train,DSet/train\204562_sat.jpg,DSet/train\204562_mask.png,"['urban_land', 'rangeland', 'agriculture_land']"
207663,train,DSet/train\207663_sat.jpg,DSet/train\207663_mask.png,"['urban_land', 'rangeland', 'agriculture_land']"
207743,train,DSet/train\207743_sat.jpg,DSet/train\207743_mask.png,"['water', 'urban_land', 'rangeland', 'agriculture_land', 'barren_land']"
208495,train,DSet/train\208495_sat.jpg,DSet/train\208495_mask.png,"['forest_land', 'urban_land', 'rangeland', 'agriculture_land', 'barren_land']"
208695,train,DSet/train\208695_sat.jpg,DSet/train\208695_mask.png,"['forest_land', 'agriculture_land', 'barren_land']"
209787,train,DSet/train\209787_sat.jpg,DSet/train\209787_mask.png,"['water', 'rangeland', 'agriculture_land']"
21023,train,DSet/train\21023_sat.jpg,DSet/train\21023_mask.png,"['water', 'urban_land', 'agriculture_land', 'barren_land']"
210436,train,DSet/train\210436_sat.jpg,DSet/train\210436_mask.png,"['rangeland', 'agriculture_land']"
210473,train,DSet/train\210473_sat.jpg,DSet/train\210473_mask.png,"['forest_land', 'urban_land', 'rangeland', 'agriculture_land', 'barren_land']"
210669,train,DSet/train\210669_sat.jpg,DSet/train\210669_mask.png,"['urban_land', 'rangeland', 'agriculture_land', 'barren_land']"
211316,train,DSet/train\211316_sat.jpg,DSet/train\211316_mask.png,"['urban_land', 'rangeland', 'agriculture_land', 'barren_land']"
211739,train,DSet/train\211739_sat.jpg,DSet/train\211739_mask.png,"['water', 'agriculture_land', 'barren_land']"
215525,train,DSet/train\215525_sat.jpg,DSet/train\215525_mask.png,"['water', 'forest_land', 'urban_land', 'rangeland', 'agriculture_land', 'barren_land']"
217085,train,DSet/train\217085_sat.jpg,DSet/train\217085_mask.png,"['forest_land', 'urban_land', 'agriculture_land', 'barren_land']"
21717,train,DSet/train\21717_sat.jpg,DSet/train\21717_mask.png,"['water', 'urban_land', 'rangeland', 'agriculture_land']"
218329,train,DSet/train\218329_sat.jpg,DSet/train\218329_mask.png,"['water', 'urban_land', 'rangeland', 'agriculture_land', 'barren_land']"
219555,train,DSet/train\219555_sat.jpg,DSet/train\219555_mask.png,"['urban_land', 'agriculture_land', 'barren_land']"
219670,train,DSet/train\219670_sat.jpg,DSet/train\219670_mask.png,"['urban_land', 'agriculture_land']"
221278,train,DSet/train\221278_sat.jpg,DSet/train\221278_mask.png,"['water', 'urban_land', 'rangeland', 'agriculture_land', 'barren_land']"
225393,train,DSet/train\225393_sat.jpg,DSet/train\225393_mask.png,"['water', 'urban_land', 'barren_land']"
225945,train,DSet/train\225945_sat.jpg,DSet/train\225945_mask.png,"['water', 'rangeland', 'agriculture_land', 'barren_land']"
226788,train,DSet/train\226788_sat.jpg,DSet/train\226788_mask.png,"['water', 'forest_land', 'urban_land', 'rangeland', 'agriculture_land']"
229383,train,DSet/train\229383_sat.jpg,DSet/train\229383_mask.png,"['water', 'urban_land', 'rangeland', 'barren_land']"
232373,train,DSet/train\232373_sat.jpg,DSet/train\232373_mask.png,"['water', 'urban_land', 'rangeland', 'agriculture_land']"
2334,train,DSet/train\2334_sat.jpg,DSet/train\2334_mask.png,"['water', 'urban_land', 'agriculture_land']"
233615,train,DSet/train\233615_sat.jpg,DSet/train\233615_mask.png,"['urban_land', 'agriculture_land', 'barren_land']"
234269,train,DSet/train\234269_sat.jpg,DSet/train\234269_mask.png,"['rangeland', 'agriculture_land']"
235869,train,DSet/train\235869_sat.jpg,DSet/train\235869_mask.png,"['water', 'urban_land', 'rangeland', 'agriculture_land']"
238322,train,DSet/train\238322_sat.jpg,DSet/train\238322_mask.png,"['urban_land', 'rangeland', 'agriculture_land']"
239955,train,DSet/train\239955_sat.jpg,DSet/train\239955_mask.png,"['urban_land', 'agriculture_land']"
242583,train,DSet/train\242583_sat.jpg,DSet/train\242583_mask.png,"['forest_land', 'rangeland', 'agriculture_land', 'barren_land']"
244423,train,DSet/train\244423_sat.jpg,DSet/train\244423_mask.png,"['water', 'urban_land', 'rangeland', 'agriculture_land', 'barren_land']"
245846,train,DSet/train\245846_sat.jpg,DSet/train\245846_mask.png,"['water', 'agriculture_land', 'barren_land']"
246378,train,DSet/train\246378_sat.jpg,DSet/train\246378_mask.png,"['urban_land', 'rangeland', 'agriculture_land', 'barren_land']"
247179,train,DSet/train\247179_sat.jpg,DSet/train\247179_mask.png,"['water', 'urban_land', 'rangeland', 'agriculture_land', 'barren_land']"
24813,train,DSet/train\24813_sat.jpg,DSet/train\24813_mask.png,"['water', 'forest_land', 'urban_land', 'rangeland', 'barren_land']"
252743,train,DSet/train\252743_sat.jpg,DSet/train\252743_mask.png,"['urban_land', 'rangeland', 'agriculture_land']"
253691,train,DSet/train\253691_sat.jpg,DSet/train\253691_mask.png,"['water', 'rangeland', 'agriculture_land', 'barren_land']"
254565,train,DSet/train\254565_sat.jpg,DSet/train\254565_mask.png,"['water', 'urban_land', 'agriculture_land']"
255711,train,DSet/train\255711_sat.jpg,DSet/train\255711_mask.png,"['forest_land', 'urban_land', 'rangeland', 'agriculture_land']"
255876,train,DSet/train\255876_sat.jpg,DSet/train\255876_mask.png,"['water', 'forest_land', 'urban_land', 'rangeland', 'agriculture_land']"
255889,train,DSet/train\255889_sat.jpg,DSet/train\255889_mask.png,"['urban_land', 'rangeland', 'agriculture_land', 'barren_land']"
256189,train,DSet/train\256189_sat.jpg,DSet/train\256189_mask.png,"['water', 'urban_land', 'rangeland', 'agriculture_land']"
257695,train,DSet/train\257695_sat.jpg,DSet/train\257695_mask.png,"['urban_land', 'agriculture_land']"
26261,train,DSet/train\26261_sat.jpg,DSet/train\26261_mask.png,"['water', 'urban_land', 'rangeland', 'agriculture_land']"
262885,train,DSet/train\262885_sat.jpg,DSet/train\262885_mask.png,"['water', 'urban_land', 'rangeland', 'barren_land']"
263576,train,DSet/train\263576_sat.jpg,DSet/train\263576_mask.png,"['water', 'urban_land', 'rangeland', 'agriculture_land']"
264436,train,DSet/train\264436_sat.jpg,DSet/train\264436_mask.png,"['urban_land', 'agriculture_land']"
266,train,DSet/train\266_sat.jpg,DSet/train\266_mask.png,"['urban_land', 'agriculture_land']"
267065,train,DSet/train\267065_sat.jpg,DSet/train\267065_mask.png,"['water', 'urban_land', 'rangeland', 'agriculture_land', 'barren_land']"
267163,train,DSet/train\267163_sat.jpg,DSet/train\267163_mask.png,"['urban_land', 'agriculture_land']"
268881,train,DSet/train\268881_sat.jpg,DSet/train\268881_mask.png,"['water', 'urban_land', 'rangeland', 'agriculture_land']"
269601,train,DSet/train\269601_sat.jpg,DSet/train\269601_mask.png,"['urban_land', 'agriculture_land']"
271245,train,DSet/train\271245_sat.jpg,DSet/train\271245_mask.png,"['water', 'urban_land', 'agriculture_land']"
271609,train,DSet/train\271609_sat.jpg,DSet/train\271609_mask.png,"['urban_land', 'agriculture_land', 'barren_land']"
271941,train,DSet/train\271941_sat.jpg,DSet/train\271941_mask.png,"['water', 'urban_land', 'rangeland', 'barren_land']"
273002,train,DSet/train\273002_sat.jpg,DSet/train\273002_mask.png,"['forest_land', 'urban_land', 'agriculture_land']"
273274,train,DSet/train\273274_sat.jpg,DSet/train\273274_mask.png,"['urban_land', 'agriculture_land']"
27460,train,DSet/train\27460_sat.jpg,DSet/train\27460_mask.png,"['forest_land', 'urban_land', 'rangeland', 'agriculture_land']"
276761,train,DSet/train\276761_sat.jpg,DSet/train\276761_mask.png,"['unknown', 'urban_land', 'agriculture_land', 'barren_land']"
276912,train,DSet/train\276912_sat.jpg,DSet/train\276912_mask.png,"['water', 'urban_land', 'rangeland', 'agriculture_land']"
277049,train,DSet/train\277049_sat.jpg,DSet/train\277049_mask.png,"['water', 'urban_land', 'rangeland', 'agriculture_land']"
2774,train,DSet/train\2774_sat.jpg,DSet/train\2774_mask.png,"['water', 'urban_land', 'rangeland', 'barren_land']"
277644,train,DSet/train\277644_sat.jpg,DSet/train\277644_mask.png,['agriculture_land']
277900,train,DSet/train\277900_sat.jpg,DSet/train\277900_mask.png,"['forest_land', 'rangeland', 'agriculture_land', 'barren_land']"
277994,train,DSet/train\277994_sat.jpg,DSet/train\277994_mask.png,"['forest_land', 'rangeland', 'agriculture_land', 'barren_land']"
280703,train,DSet/train\280703_sat.jpg,DSet/train\280703_mask.png,"['urban_land', 'agriculture_land', 'barren_land']"
280861,train,DSet/train\280861_sat.jpg,DSet/train\280861_mask.png,"['water', 'forest_land', 'urban_land', 'rangeland', 'agriculture_land', 'barren_land']"
282120,train,DSet/train\282120_sat.jpg,DSet/train\282120_mask.png,"['water', 'urban_land', 'rangeland', 'agriculture_land', 'barren_land']"
283326,train,DSet/train\283326_sat.jpg,DSet/train\283326_mask.png,"['urban_land', 'agriculture_land', 'barren_land']"
28559,train,DSet/train\28559_sat.jpg,DSet/train\28559_mask.png,"['water', 'urban_land', 'rangeland', 'agriculture_land']"
286339,train,DSet/train\286339_sat.jpg,DSet/train\286339_mask.png,"['water', 'urban_land', 'rangeland', 'agriculture_land']"
28689,train,DSet/train\28689_sat.jpg,DSet/train\28689_mask.png,"['water', 'urban_land', 'rangeland', 'agriculture_land', 'barren_land']"
28935,train,DSet/train\28935_sat.jpg,DSet/train\28935_mask.png,"['water', 'rangeland', 'agriculture_land', 'barren_land']"
291214,train,DSet/train\291214_sat.jpg,DSet/train\291214_mask.png,"['water', 'forest_land', 'urban_land', 'rangeland', 'agriculture_land']"
291781,train,DSet/train\291781_sat.jpg,DSet/train\291781_mask.png,"['water', 'urban_land', 'agriculture_land']"
293776,train,DSet/train\293776_sat.jpg,DSet/train\293776_mask.png,"['water', 'urban_land', 'agriculture_land']"
29419,train,DSet/train\29419_sat.jpg,DSet/train\29419_mask.png,"['water', 'urban_land', 'rangeland', 'agriculture_land', 'barren_land']"
294697,train,DSet/train\294697_sat.jpg,DSet/train\294697_mask.png,"['urban_land', 'agriculture_land', 'barren_land']"
294978,train,DSet/train\294978_sat.jpg,DSet/train\294978_mask.png,"['urban_land', 'agriculture_land']"
296279,train,DSet/train\296279_sat.jpg,DSet/train\296279_mask.png,"['forest_land', 'urban_land', 'rangeland', 'agriculture_land', 'barren_land']"
296368,train,DSet/train\296368_sat.jpg,DSet/train\296368_mask.png,"['water', 'urban_land', 'agriculture_land']"
298396,train,DSet/train\298396_sat.jpg,DSet/train\298396_mask.png,"['urban_land', 'rangeland', 'agriculture_land', 'barren_land']"
298817,train,DSet/train\298817_sat.jpg,DSet/train\298817_mask.png,"['water', 'rangeland', 'agriculture_land']"
299287,train,DSet/train\299287_sat.jpg,DSet/train\299287_mask.png,"['forest_land', 'rangeland', 'agriculture_land']"
300626,train,DSet/train\300626_sat.jpg,DSet/train\300626_mask.png,"['water', 'urban_land', 'agriculture_land']"
300745,train,DSet/train\300745_sat.jpg,DSet/train\300745_mask.png,"['water', 'urban_land', 'rangeland', 'agriculture_land']"
300967,train,DSet/train\300967_sat.jpg,DSet/train\300967_mask.png,"['urban_land', 'agriculture_land']"
303327,train,DSet/train\303327_sat.jpg,DSet/train\303327_mask.png,"['water', 'urban_land', 'rangeland', 'agriculture_land', 'barren_land']"
306486,train,DSet/train\306486_sat.jpg,DSet/train\306486_mask.png,"['water', 'urban_land', 'rangeland', 'agriculture_land', 'barren_land']"
307626,train,DSet/train\307626_sat.jpg,DSet/train\307626_mask.png,"['water', 'rangeland', 'agriculture_land', 'barren_land']"
308959,train,DSet/train\308959_sat.jpg,DSet/train\308959_mask.png,"['urban_land', 'rangeland', 'agriculture_land']"
309818,train,DSet/train\309818_sat.jpg,DSet/train\309818_mask.png,"['water', 'urban_land', 'rangeland', 'barren_land']"
310419,train,DSet/train\310419_sat.jpg,DSet/train\310419_mask.png,"['water', 'urban_land', 'rangeland', 'agriculture_land']"
311386,train,DSet/train\311386_sat.jpg,DSet/train\311386_mask.png,"['unknown', 'water', 'urban_land', 'rangeland', 'agriculture_land', 'barren_land']"
312676,train,DSet/train\312676_sat.jpg,DSet/train\312676_mask.png,"['urban_land', 'rangeland']"
315352,train,DSet/train\315352_sat.jpg,DSet/train\315352_mask.png,"['agriculture_land', 'barren_land']"
315848,train,DSet/train\315848_sat.jpg,DSet/train\315848_mask.png,"['urban_land', 'agriculture_land', 'barren_land']"
316446,train,DSet/train\316446_sat.jpg,DSet/train\316446_mask.png,"['forest_land', 'urban_land', 'rangeland', 'agriculture_land']"
318338,train,DSet/train\318338_sat.jpg,DSet/train\318338_mask.png,"['water', 'urban_land', 'rangeland', 'agriculture_land']"
321711,train,DSet/train\321711_sat.jpg,DSet/train\321711_mask.png,"['water', 'agriculture_land', 'barren_land']"
321724,train,DSet/train\321724_sat.jpg,DSet/train\321724_mask.png,"['urban_land', 'rangeland', 'agriculture_land', 'barren_land']"
322400,train,DSet/train\322400_sat.jpg,DSet/train\322400_mask.png,"['water', 'rangeland', 'agriculture_land']"
323581,train,DSet/train\323581_sat.jpg,DSet/train\323581_mask.png,"['water', 'urban_land', 'rangeland', 'agriculture_land', 'barren_land']"
324170,train,DSet/train\324170_sat.jpg,DSet/train\324170_mask.png,"['urban_land', 'barren_land']"
325354,train,DSet/train\325354_sat.jpg,DSet/train\325354_mask.png,"['forest_land', 'agriculture_land']"
326173,train,DSet/train\326173_sat.jpg,DSet/train\326173_mask.png,"['water', 'urban_land', 'rangeland', 'agriculture_land', 'barren_land']"
326238,train,DSet/train\326238_sat.jpg,DSet/train\326238_mask.png,"['urban_land', 'agriculture_land']"
329017,train,DSet/train\329017_sat.jpg,DSet/train\329017_mask.png,"['urban_land', 'rangeland', 'agriculture_land']"
330838,train,DSet/train\330838_sat.jpg,DSet/train\330838_mask.png,"['urban_land', 'agriculture_land']"
331421,train,DSet/train\331421_sat.jpg,DSet/train\331421_mask.png,"['urban_land', 'agriculture_land']"
331533,train,DSet/train\331533_sat.jpg,DSet/train\331533_mask.png,"['water', 'forest_land', 'urban_land', 'rangeland', 'agriculture_land']"
331994,train,DSet/train\331994_sat.jpg,DSet/train\331994_mask.png,"['water', 'rangeland', 'agriculture_land', 'barren_land']"
332354,train,DSet/train\332354_sat.jpg,DSet/train\332354_mask.png,"['urban_land', 'rangeland', 'agriculture_land', 'barren_land']"
33262,train,DSet/train\33262_sat.jpg,DSet/train\33262_mask.png,"['unknown', 'water', 'urban_land', 'agriculture_land']"
333661,train,DSet/train\333661_sat.jpg,DSet/train\333661_mask.png,"['water', 'urban_land', 'barren_land']"
334677,train,DSet/train\334677_sat.jpg,DSet/train\334677_mask.png,"['forest_land', 'rangeland', 'agriculture_land', 'barren_land']"
334811,train,DSet/train\334811_sat.jpg,DSet/train\334811_mask.png,"['water', 'rangeland', 'agriculture_land']"
335737,train,DSet/train\335737_sat.jpg,DSet/train\335737_mask.png,"['water', 'rangeland', 'agriculture_land']"
33573,train,DSet/train\33573_sat.jpg,DSet/train\33573_mask.png,"['forest_land', 'urban_land', 'rangeland', 'agriculture_land', 'barren_land']"
337272,train,DSet/train\337272_sat.jpg,DSet/train\337272_mask.png,"['water', 'urban_land', 'rangeland', 'agriculture_land']"
338111,train,DSet/train\338111_sat.jpg,DSet/train\338111_mask.png,"['urban_land', 'rangeland', 'agriculture_land', 'barren_land']"
338661,train,DSet/train\338661_sat.jpg,DSet/train\338661_mask.png,"['water', 'forest_land', 'rangeland', 'barren_land']"
338798,train,DSet/train\338798_sat.jpg,DSet/train\338798_mask.png,"['forest_land', 'rangeland', 'agriculture_land']"
340798,train,DSet/train\340798_sat.jpg,DSet/train\340798_mask.png,"['urban_land', 'agriculture_land']"
340898,train,DSet/train\340898_sat.jpg,DSet/train\340898_mask.png,"['forest_land', 'urban_land', 'rangeland', 'agriculture_land']"
343016,train,DSet/train\343016_sat.jpg,DSet/train\343016_mask.png,"['water', 'urban_land', 'rangeland', 'agriculture_land', 'barren_land']"
343215,train,DSet/train\343215_sat.jpg,DSet/train\343215_mask.png,"['water', 'urban_land', 'rangeland', 'agriculture_land', 'barren_land']"
34330,train,DSet/train\34330_sat.jpg,DSet/train\34330_mask.png,"['water', 'urban_land', 'agriculture_land']"
343425,train,DSet/train\343425_sat.jpg,DSet/train\343425_mask.png,"['rangeland', 'agriculture_land', 'barren_land']"
34359,train,DSet/train\34359_sat.jpg,DSet/train\34359_mask.png,"['forest_land', 'rangeland', 'agriculture_land', 'barren_land']"
345134,train,DSet/train\345134_sat.jpg,DSet/train\345134_mask.png,"['forest_land', 'barren_land']"
345494,train,DSet/train\345494_sat.jpg,DSet/train\345494_mask.png,"['water', 'urban_land', 'rangeland', 'agriculture_land']"
34567,train,DSet/train\34567_sat.jpg,DSet/train\34567_mask.png,"['unknown', 'water', 'urban_land', 'rangeland', 'agriculture_land', 'barren_land']"
347676,train,DSet/train\347676_sat.jpg,DSet/train\347676_mask.png,"['water', 'urban_land', 'agriculture_land', 'barren_land']"
347725,train,DSet/train\347725_sat.jpg,DSet/train\347725_mask.png,"['water', 'urban_land', 'agriculture_land']"
3484,train,DSet/train\3484_sat.jpg,DSet/train\3484_mask.png,"['forest_land', 'urban_land', 'rangeland', 'agriculture_land']"
349442,train,DSet/train\349442_sat.jpg,DSet/train\349442_mask.png,"['water', 'urban_land', 'rangeland', 'agriculture_land']"
350033,train,DSet/train\350033_sat.jpg,DSet/train\350033_mask.png,"['water', 'urban_land', 'agriculture_land']"
350328,train,DSet/train\350328_sat.jpg,DSet/train\350328_mask.png,"['urban_land', 'rangeland', 'agriculture_land']"
351228,train,DSet/train\351228_sat.jpg,DSet/train\351228_mask.png,"['water', 'urban_land', 'rangeland', 'barren_land']"
351271,train,DSet/train\351271_sat.jpg,DSet/train\351271_mask.png,"['water', 'forest_land', 'urban_land', 'rangeland', 'agriculture_land', 'barren_land']"
351727,train,DSet/train\351727_sat.jpg,DSet/train\351727_mask.png,"['water', 'forest_land', 'agriculture_land', 'barren_land']"
352808,train,DSet/train\352808_sat.jpg,DSet/train\352808_mask.png,"['forest_land', 'urban_land', 'rangeland', 'agriculture_land']"
354033,train,DSet/train\354033_sat.jpg,DSet/train\354033_mask.png,"['water', 'urban_land', 'rangeland', 'agriculture_land', 'barren_land']"
358314,train,DSet/train\358314_sat.jpg,DSet/train\358314_mask.png,"['water', 'urban_land', 'agriculture_land']"
358464,train,DSet/train\358464_sat.jpg,DSet/train\358464_mask.png,"['urban_land', 'agriculture_land']"
358591,train,DSet/train\358591_sat.jpg,DSet/train\358591_mask.png,"['rangeland', 'agriculture_land', 'barren_land']"
361129,train,DSet/train\361129_sat.jpg,DSet/train\361129_mask.png,"['forest_land', 'urban_land', 'rangeland', 'agriculture_land']"
36183,train,DSet/train\36183_sat.jpg,DSet/train\36183_mask.png,"['urban_land', 'agriculture_land']"
362191,train,DSet/train\362191_sat.jpg,DSet/train\362191_mask.png,"['water', 'urban_land', 'rangeland', 'agriculture_land', 'barren_land']"
362274,train,DSet/train\362274_sat.jpg,DSet/train\362274_mask.png,"['water', 'rangeland', 'agriculture_land', 'barren_land']"
365555,train,DSet/train\365555_sat.jpg,DSet/train\365555_mask.png,"['agriculture_land', 'barren_land']"
373103,train,DSet/train\373103_sat.jpg,DSet/train\373103_mask.png,"['water', 'urban_land', 'rangeland', 'agriculture_land', 'barren_land']"
373186,train,DSet/train\373186_sat.jpg,DSet/train\373186_mask.png,"['water', 'urban_land', 'rangeland', 'agriculture_land']"
375563,train,DSet/train\375563_sat.jpg,DSet/train\375563_mask.png,"['water', 'barren_land']"
37586,train,DSet/train\37586_sat.jpg,DSet/train\37586_mask.png,"['urban_land', 'agriculture_land']"
376441,train,DSet/train\376441_sat.jpg,DSet/train\376441_mask.png,"['agriculture_land', 'barren_land']"
37755,train,DSet/train\37755_sat.jpg,DSet/train\37755_mask.png,"['urban_land', 'agriculture_land']"
382428,train,DSet/train\382428_sat.jpg,DSet/train\382428_mask.png,"['urban_land', 'rangeland', 'agriculture_land', 'barren_land']"
383392,train,DSet/train\383392_sat.jpg,DSet/train\383392_mask.png,"['urban_land', 'agriculture_land', 'barren_land']"
383637,train,DSet/train\383637_sat.jpg,DSet/train\383637_mask.png,"['water', 'urban_land', 'agriculture_land', 'barren_land']"
384477,train,DSet/train\384477_sat.jpg,DSet/train\384477_mask.png,"['unknown', 'water', 'urban_land', 'rangeland', 'agriculture_land', 'barren_land']"
387018,train,DSet/train\387018_sat.jpg,DSet/train\387018_mask.png,"['water', 'urban_land', 'rangeland', 'agriculture_land']"
387554,train,DSet/train\387554_sat.jpg,DSet/train\387554_mask.png,"['urban_land', 'rangeland', 'agriculture_land']"
388811,train,DSet/train\388811_sat.jpg,DSet/train\388811_mask.png,"['urban_land', 'rangeland', 'agriculture_land', 'barren_land']"
392711,train,DSet/train\392711_sat.jpg,DSet/train\392711_mask.png,"['forest_land', 'urban_land', 'rangeland', 'agriculture_land']"
393043,train,DSet/train\393043_sat.jpg,DSet/train\393043_mask.png,"['water', 'urban_land', 'agriculture_land']"
394500,train,DSet/train\394500_sat.jpg,DSet/train\394500_mask.png,"['urban_land', 'agriculture_land']"
396979,train,DSet/train\396979_sat.jpg,DSet/train\396979_mask.png,"['water', 'urban_land', 'rangeland', 'agriculture_land']"
397137,train,DSet/train\397137_sat.jpg,DSet/train\397137_mask.png,"['water', 'urban_land', 'rangeland', 'agriculture_land', 'barren_land']"
397351,train,DSet/train\397351_sat.jpg,DSet/train\397351_mask.png,"['water', 'urban_land', 'agriculture_land', 'barren_land']"
397864,train,DSet/train\397864_sat.jpg,DSet/train\397864_mask.png,"['urban_land', 'rangeland', 'agriculture_land']"
400179,train,DSet/train\400179_sat.jpg,DSet/train\400179_mask.png,"['forest_land', 'urban_land', 'rangeland', 'agriculture_land', 'barren_land']"
40168,train,DSet/train\40168_sat.jpg,DSet/train\40168_mask.png,"['water', 'urban_land', 'barren_land']"
402002,train,DSet/train\402002_sat.jpg,DSet/train\402002_mask.png,"['water', 'urban_land', 'rangeland', 'agriculture_land', 'barren_land']"
402209,train,DSet/train\402209_sat.jpg,DSet/train\402209_mask.png,"['water', 'urban_land', 'rangeland', 'agriculture_land', 'barren_land']"
40350,train,DSet/train\40350_sat.jpg,DSet/train\40350_mask.png,"['water', 'urban_land', 'rangeland', 'agriculture_land']"
403978,train,DSet/train\403978_sat.jpg,DSet/train\403978_mask.png,"['urban_land', 'agriculture_land']"
405378,train,DSet/train\405378_sat.jpg,DSet/train\405378_mask.png,"['water', 'urban_land', 'rangeland', 'agriculture_land', 'barren_land']"
405744,train,DSet/train\405744_sat.jpg,DSet/train\405744_mask.png,"['urban_land', 'agriculture_land']"
406425,train,DSet/train\406425_sat.jpg,DSet/train\406425_mask.png,"['water', 'forest_land', 'urban_land', 'rangeland', 'agriculture_land', 'barren_land']"
407467,train,DSet/train\407467_sat.jpg,DSet/train\407467_mask.png,"['water', 'urban_land', 'rangeland', 'agriculture_land', 'barren_land']"
411741,train,DSet/train\411741_sat.jpg,DSet/train\411741_mask.png,"['urban_land', 'rangeland', 'agriculture_land']"
412210,train,DSet/train\412210_sat.jpg,DSet/train\412210_mask.png,"['water', 'agriculture_land', 'barren_land']"
413779,train,DSet/train\413779_sat.jpg,DSet/train\413779_mask.png,"['water', 'urban_land', 'barren_land']"
416381,train,DSet/train\416381_sat.jpg,DSet/train\416381_mask.png,"['water', 'rangeland', 'agriculture_land', 'barren_land']"
416463,train,DSet/train\416463_sat.jpg,DSet/train\416463_mask.png,"['urban_land', 'rangeland', 'agriculture_land']"
416794,train,DSet/train\416794_sat.jpg,DSet/train\416794_mask.png,"['water', 'urban_land', 'rangeland', 'agriculture_land', 'barren_land']"
417313,train,DSet/train\417313_sat.jpg,DSet/train\417313_mask.png,"['forest_land', 'urban_land', 'rangeland', 'agriculture_land']"
418261,train,DSet/train\418261_sat.jpg,DSet/train\418261_mask.png,"['unknown', 'water', 'urban_land', 'rangeland', 'agriculture_land']"
41944,train,DSet/train\41944_sat.jpg,DSet/train\41944_mask.png,"['water', 'urban_land', 'rangeland', 'agriculture_land']"
419820,train,DSet/train\419820_sat.jpg,DSet/train\419820_mask.png,"['water', 'urban_land', 'agriculture_land', 'barren_land']"
420066,train,DSet/train\420066_sat.jpg,DSet/train\420066_mask.png,"['urban_land', 'agriculture_land', 'barren_land']"
420078,train,DSet/train\420078_sat.jpg,DSet/train\420078_mask.png,"['water', 'rangeland', 'agriculture_land', 'barren_land']"
423117,train,DSet/train\423117_sat.jpg,DSet/train\423117_mask.png,"['urban_land', 'rangeland', 'agriculture_land']"
424590,train,DSet/train\424590_sat.jpg,DSet/train\424590_mask.png,"['urban_land', 'rangeland', 'agriculture_land', 'barren_land']"
427037,train,DSet/train\427037_sat.jpg,DSet/train\427037_mask.png,"['forest_land', 'urban_land', 'agriculture_land']"
427774,train,DSet/train\427774_sat.jpg,DSet/train\427774_mask.png,"['urban_land', 'rangeland', 'agriculture_land', 'barren_land']"
428327,train,DSet/train\428327_sat.jpg,DSet/train\428327_mask.png,"['forest_land', 'urban_land', 'rangeland', 'agriculture_land']"
428597,train,DSet/train\428597_sat.jpg,DSet/train\428597_mask.png,"['water', 'forest_land', 'urban_land', 'rangeland', 'barren_land']"
428841,train,DSet/train\428841_sat.jpg,DSet/train\428841_mask.png,"['water', 'urban_land', 'rangeland', 'agriculture_land', 'barren_land']"
430587,train,DSet/train\430587_sat.jpg,DSet/train\430587_mask.png,"['agriculture_land', 'barren_land']"
432089,train,DSet/train\432089_sat.jpg,DSet/train\432089_mask.png,"['urban_land', 'rangeland', 'agriculture_land']"
434210,train,DSet/train\434210_sat.jpg,DSet/train\434210_mask.png,"['water', 'urban_land', 'agriculture_land', 'barren_land']"
434243,train,DSet/train\434243_sat.jpg,DSet/train\434243_mask.png,"['forest_land', 'rangeland', 'agriculture_land']"
435277,train,DSet/train\435277_sat.jpg,DSet/train\435277_mask.png,"['water', 'urban_land', 'rangeland', 'agriculture_land', 'barren_land']"
437963,train,DSet/train\437963_sat.jpg,DSet/train\437963_mask.png,"['urban_land', 'rangeland', 'barren_land']"
43814,train,DSet/train\43814_sat.jpg,DSet/train\43814_mask.png,"['water', 'urban_land', 'barren_land']"
438721,train,DSet/train\438721_sat.jpg,DSet/train\438721_mask.png,"['urban_land', 'rangeland', 'agriculture_land', 'barren_land']"
439854,train,DSet/train\439854_sat.jpg,DSet/train\439854_mask.png,"['forest_land', 'agriculture_land']"
44070,train,DSet/train\44070_sat.jpg,DSet/train\44070_mask.png,"['urban_land', 'agriculture_land', 'barren_land']"
442329,train,DSet/train\442329_sat.jpg,DSet/train\442329_mask.png,"['water', 'urban_land', 'rangeland', 'agriculture_land', 'barren_land']"
442338,train,DSet/train\442338_sat.jpg,DSet/train\442338_mask.png,"['water', 'urban_land', 'rangeland', 'barren_land']"
443271,train,DSet/train\443271_sat.jpg,DSet/train\443271_mask.png,"['forest_land', 'urban_land', 'rangeland', 'agriculture_land']"
444902,train,DSet/train\444902_sat.jpg,DSet/train\444902_mask.png,"['water', 'urban_land', 'rangeland', 'agriculture_land', 'barren_land']"
449319,train,DSet/train\449319_sat.jpg,DSet/train\449319_mask.png,"['water', 'urban_land', 'rangeland']"
45357,train,DSet/train\45357_sat.jpg,DSet/train\45357_mask.png,"['urban_land', 'agriculture_land', 'barren_land']"
454655,train,DSet/train\454655_sat.jpg,DSet/train\454655_mask.png,"['unknown', 'water', 'forest_land', 'agriculture_land', 'barren_land']"
455374,train,DSet/train\455374_sat.jpg,DSet/train\455374_mask.png,"['water', 'urban_land', 'rangeland', 'agriculture_land']"
45676,train,DSet/train\45676_sat.jpg,DSet/train\45676_mask.png,"['water', 'rangeland', 'agriculture_land']"
457070,train,DSet/train\457070_sat.jpg,DSet/train\457070_mask.png,"['unknown', 'water', 'urban_land', 'agriculture_land']"
457265,train,DSet/train\457265_sat.jpg,DSet/train\457265_mask.png,"['water', 'urban_land', 'rangeland', 'agriculture_land', 'barren_land']"
457982,train,DSet/train\457982_sat.jpg,DSet/train\457982_mask.png,"['forest_land', 'urban_land', 'agriculture_land']"
458687,train,DSet/train\458687_sat.jpg,DSet/train\458687_mask.png,"['water', 'urban_land', 'rangeland', 'agriculture_land', 'barren_land']"
458776,train,DSet/train\458776_sat.jpg,DSet/train\458776_mask.png,"['urban_land', 'rangeland', 'agriculture_land']"
461001,train,DSet/train\461001_sat.jpg,DSet/train\461001_mask.png,"['urban_land', 'agriculture_land']"
461755,train,DSet/train\461755_sat.jpg,DSet/train\461755_mask.png,"['urban_land', 'rangeland', 'agriculture_land']"
462612,train,DSet/train\462612_sat.jpg,DSet/train\462612_mask.png,"['water', 'urban_land', 'rangeland', 'agriculture_land']"
463855,train,DSet/train\463855_sat.jpg,DSet/train\463855_mask.png,"['forest_land', 'urban_land', 'rangeland', 'agriculture_land', 'barren_land']"
467076,train,DSet/train\467076_sat.jpg,DSet/train\467076_mask.png,"['water', 'urban_land', 'rangeland', 'agriculture_land']"
467855,train,DSet/train\467855_sat.jpg,DSet/train\467855_mask.png,"['urban_land', 'agriculture_land']"
468103,train,DSet/train\468103_sat.jpg,DSet/train\468103_mask.png,"['urban_land', 'barren_land']"
470446,train,DSet/train\470446_sat.jpg,DSet/train\470446_mask.png,"['unknown', 'water', 'urban_land', 'rangeland', 'agriculture_land']"
470798,train,DSet/train\470798_sat.jpg,DSet/train\470798_mask.png,"['water', 'urban_land', 'agriculture_land', 'barren_land']"
471187,train,DSet/train\471187_sat.jpg,DSet/train\471187_mask.png,"['water', 'urban_land', 'rangeland', 'agriculture_land']"
471930,train,DSet/train\471930_sat.jpg,DSet/train\471930_mask.png,"['water', 'urban_land', 'rangeland']"
472774,train,DSet/train\472774_sat.jpg,DSet/train\472774_mask.png,"['urban_land', 'agriculture_land']"
476582,train,DSet/train\476582_sat.jpg,DSet/train\476582_mask.png,"['water', 'agriculture_land', 'barren_land']"
476991,train,DSet/train\476991_sat.jpg,DSet/train\476991_mask.png,"['water', 'urban_land', 'rangeland', 'agriculture_land']"
479682,train,DSet/train\479682_sat.jpg,DSet/train\479682_mask.png,"['water', 'urban_land', 'rangeland', 'agriculture_land', 'barren_land']"
482365,train,DSet/train\482365_sat.jpg,DSet/train\482365_mask.png,"['water', 'urban_land', 'rangeland', 'agriculture_land', 'barren_land']"
483506,train,DSet/train\483506_sat.jpg,DSet/train\483506_mask.png,"['water', 'rangeland', 'agriculture_land']"
485061,train,DSet/train\485061_sat.jpg,DSet/train\485061_mask.png,"['urban_land', 'agriculture_land']"
491356,train,DSet/train\491356_sat.jpg,DSet/train\491356_mask.png,"['urban_land', 'agriculture_land', 'barren_land']"
491491,train,DSet/train\491491_sat.jpg,DSet/train\491491_mask.png,"['urban_land', 'agriculture_land']"
491696,train,DSet/train\491696_sat.jpg,DSet/train\491696_mask.png,"['forest_land', 'urban_land', 'rangeland', 'agriculture_land']"
492365,train,DSet/train\492365_sat.jpg,DSet/train\492365_mask.png,"['water', 'urban_land', 'rangeland']"
495406,train,DSet/train\495406_sat.jpg,DSet/train\495406_mask.png,"['water', 'urban_land', 'rangeland']"
495876,train,DSet/train\495876_sat.jpg,DSet/train\495876_mask.png,"['urban_land', 'rangeland', 'agriculture_land', 'barren_land']"
496948,train,DSet/train\496948_sat.jpg,DSet/train\496948_mask.png,"['water', 'forest_land', 'urban_land', 'rangeland', 'agriculture_land']"
498049,train,DSet/train\498049_sat.jpg,DSet/train\498049_mask.png,"['forest_land', 'urban_land', 'rangeland', 'agriculture_land']"
499161,train,DSet/train\499161_sat.jpg,DSet/train\499161_mask.png,"['urban_land', 'rangeland', 'agriculture_land']"
499266,train,DSet/train\499266_sat.jpg,DSet/train\499266_mask.png,"['water', 'urban_land', 'rangeland', 'agriculture_land']"
499325,train,DSet/train\499325_sat.jpg,DSet/train\499325_mask.png,"['urban_land', 'agriculture_land', 'barren_land']"
499418,train,DSet/train\499418_sat.jpg,DSet/train\499418_mask.png,"['forest_land', 'urban_land', 'rangeland', 'agriculture_land']"
499511,train,DSet/train\499511_sat.jpg,DSet/train\499511_mask.png,"['water', 'urban_land', 'rangeland', 'agriculture_land']"
499600,train,DSet/train\499600_sat.jpg,DSet/train\499600_mask.png,"['water', 'urban_land', 'rangeland', 'agriculture_land', 'barren_land']"
501053,train,DSet/train\501053_sat.jpg,DSet/train\501053_mask.png,"['water', 'urban_land', 'agriculture_land']"
501284,train,DSet/train\501284_sat.jpg,DSet/train\501284_mask.png,"['urban_land', 'agriculture_land']"
501804,train,DSet/train\501804_sat.jpg,DSet/train\501804_mask.png,"['urban_land', 'agriculture_land', 'barren_land']"
503968,train,DSet/train\503968_sat.jpg,DSet/train\503968_mask.png,"['water', 'urban_land', 'rangeland', 'agriculture_land', 'barren_land']"
504704,train,DSet/train\504704_sat.jpg,DSet/train\504704_mask.png,"['water', 'urban_land', 'rangeland', 'agriculture_land', 'barren_land']"
505217,train,DSet/train\505217_sat.jpg,DSet/train\505217_mask.png,"['urban_land', 'rangeland', 'agriculture_land', 'barren_land']"
507241,train,DSet/train\507241_sat.jpg,DSet/train\507241_mask.png,"['water', 'urban_land', 'rangeland', 'agriculture_land', 'barren_land']"
508571,train,DSet/train\508571_sat.jpg,DSet/train\508571_mask.png,"['urban_land', 'agriculture_land']"
508676,train,DSet/train\508676_sat.jpg,DSet/train\508676_mask.png,"['water', 'urban_land', 'rangeland', 'agriculture_land', 'barren_land']"
509290,train,DSet/train\509290_sat.jpg,DSet/train\509290_mask.png,"['water', 'urban_land', 'rangeland', 'agriculture_land']"
511850,train,DSet/train\511850_sat.jpg,DSet/train\511850_mask.png,"['water', 'urban_land', 'agriculture_land', 'barren_land']"
512669,train,DSet/train\512669_sat.jpg,DSet/train\512669_mask.png,"['water', 'urban_land', 'rangeland', 'barren_land']"
513585,train,DSet/train\513585_sat.jpg,DSet/train\513585_mask.png,"['water', 'urban_land', 'rangeland', 'agriculture_land', 'barren_land']"
513968,train,DSet/train\513968_sat.jpg,DSet/train\513968_mask.png,"['water', 'urban_land', 'rangeland', 'agriculture_land', 'barren_land']"
514385,train,DSet/train\514385_sat.jpg,DSet/train\514385_mask.png,"['urban_land', 'agriculture_land', 'barren_land']"
514414,train,DSet/train\514414_sat.jpg,DSet/train\514414_mask.png,"['water', 'agriculture_land', 'barren_land']"
515521,train,DSet/train\515521_sat.jpg,DSet/train\515521_mask.png,"['water', 'rangeland', 'agriculture_land', 'barren_land']"
516056,train,DSet/train\516056_sat.jpg,DSet/train\516056_mask.png,"['water', 'urban_land', 'rangeland', 'agriculture_land', 'barren_land']"
516317,train,DSet/train\516317_sat.jpg,DSet/train\516317_mask.png,"['water', 'urban_land', 'rangeland', 'agriculture_land']"
518833,train,DSet/train\518833_sat.jpg,DSet/train\518833_mask.png,"['water', 'forest_land', 'urban_land', 'rangeland', 'agriculture_land']"
51911,train,DSet/train\51911_sat.jpg,DSet/train\51911_mask.png,"['water', 'urban_land', 'barren_land']"
520614,train,DSet/train\520614_sat.jpg,DSet/train\520614_mask.png,"['water', 'urban_land', 'rangeland', 'agriculture_land', 'barren_land']"
524056,train,DSet/train\524056_sat.jpg,DSet/train\524056_mask.png,"['water', 'forest_land', 'urban_land', 'rangeland', 'agriculture_land']"
524518,train,DSet/train\524518_sat.jpg,DSet/train\524518_mask.png,"['water', 'forest_land', 'urban_land', 'agriculture_land']"
525105,train,DSet/train\525105_sat.jpg,DSet/train\525105_mask.png,"['forest_land', 'urban_land', 'rangeland', 'agriculture_land']"
528163,train,DSet/train\528163_sat.jpg,DSet/train\528163_mask.png,"['water', 'forest_land', 'urban_land', 'rangeland', 'agriculture_land']"
530040,train,DSet/train\530040_sat.jpg,DSet/train\530040_mask.png,"['water', 'urban_land', 'agriculture_land']"
533948,train,DSet/train\533948_sat.jpg,DSet/train\533948_mask.png,"['water', 'urban_land', 'agriculture_land']"
533952,train,DSet/train\533952_sat.jpg,DSet/train\533952_mask.png,"['water', 'forest_land', 'urban_land', 'rangeland', 'barren_land']"
534154,train,DSet/train\534154_sat.jpg,DSet/train\534154_mask.png,"['water', 'forest_land', 'urban_land', 'rangeland', 'agriculture_land']"
536496,train,DSet/train\536496_sat.jpg,DSet/train\536496_mask.png,"['rangeland', 'agriculture_land']"
537221,train,DSet/train\537221_sat.jpg,DSet/train\537221_mask.png,"['water', 'urban_land', 'agriculture_land', 'barren_land']"
538243,train,DSet/train\538243_sat.jpg,DSet/train\538243_mask.png,"['urban_land', 'rangeland', 'agriculture_land', 'barren_land']"
538922,train,DSet/train\538922_sat.jpg,DSet/train\538922_mask.png,"['water', 'agriculture_land']"
53987,train,DSet/train\53987_sat.jpg,DSet/train\53987_mask.png,"['water', 'agriculture_land']"
541060,train,DSet/train\541060_sat.jpg,DSet/train\541060_mask.png,"['water', 'forest_land', 'urban_land', 'rangeland', 'agriculture_land', 'barren_land']"
541353,train,DSet/train\541353_sat.jpg,DSet/train\541353_mask.png,"['water', 'rangeland', 'agriculture_land']"
543806,train,DSet/train\543806_sat.jpg,DSet/train\543806_mask.png,"['water', 'urban_land', 'rangeland', 'agriculture_land']"
544078,train,DSet/train\544078_sat.jpg,DSet/train\544078_mask.png,"['urban_land', 'rangeland', 'agriculture_land']"
544464,train,DSet/train\544464_sat.jpg,DSet/train\544464_mask.png,"['water', 'urban_land', 'rangeland', 'agriculture_land']"
544537,train,DSet/train\544537_sat.jpg,DSet/train\544537_mask.png,"['water', 'forest_land', 'urban_land', 'rangeland', 'agriculture_land', 'barren_land']"
547080,train,DSet/train\547080_sat.jpg,DSet/train\547080_mask.png,"['water', 'urban_land', 'rangeland', 'agriculture_land', 'barren_land']"
547201,train,DSet/train\547201_sat.jpg,DSet/train\547201_mask.png,"['urban_land', 'rangeland', 'agriculture_land']"
547785,train,DSet/train\547785_sat.jpg,DSet/train\547785_mask.png,"['urban_land', 'agriculture_land', 'barren_land']"
548423,train,DSet/train\548423_sat.jpg,DSet/train\548423_mask.png,"['water', 'urban_land', 'agriculture_land']"
548686,train,DSet/train\548686_sat.jpg,DSet/train\548686_mask.png,"['water', 'urban_land', 'rangeland', 'agriculture_land', 'barren_land']"
549870,train,DSet/train\549870_sat.jpg,DSet/train\549870_mask.png,"['water', 'urban_land', 'agriculture_land']"
549959,train,DSet/train\549959_sat.jpg,DSet/train\549959_mask.png,"['water', 'urban_land', 'barren_land']"
550312,train,DSet/train\550312_sat.jpg,DSet/train\550312_mask.png,"['urban_land', 'rangeland', 'agriculture_land']"
552001,train,DSet/train\552001_sat.jpg,DSet/train\552001_mask.png,"['urban_land', 'rangeland']"
552206,train,DSet/train\552206_sat.jpg,DSet/train\552206_mask.png,"['water', 'urban_land', 'rangeland', 'agriculture_land']"
552396,train,DSet/train\552396_sat.jpg,DSet/train\552396_mask.png,"['water', 'urban_land', 'agriculture_land', 'barren_land']"
55374,train,DSet/train\55374_sat.jpg,DSet/train\55374_mask.png,"['urban_land', 'agriculture_land']"
556452,train,DSet/train\556452_sat.jpg,DSet/train\556452_mask.png,"['urban_land', 'rangeland', 'agriculture_land', 'barren_land']"
556572,train,DSet/train\556572_sat.jpg,DSet/train\556572_mask.png,"['water', 'urban_land', 'agriculture_land', 'barren_land']"
557175,train,DSet/train\557175_sat.jpg,DSet/train\557175_mask.png,"['urban_land', 'agriculture_land']"
557309,train,DSet/train\557309_sat.jpg,DSet/train\557309_mask.png,"['unknown', 'urban_land', 'rangeland', 'barren_land']"
557439,train,DSet/train\557439_sat.jpg,DSet/train\557439_mask.png,"['urban_land', 'rangeland', 'agriculture_land']"
559477,train,DSet/train\559477_sat.jpg,DSet/train\559477_mask.png,"['water', 'urban_land', 'rangeland', 'agriculture_land', 'barren_land']"
560353,train,DSet/train\560353_sat.jpg,DSet/train\560353_mask.png,"['water', 'forest_land', 'urban_land', 'rangeland', 'agriculture_land']"
561117,train,DSet/train\561117_sat.jpg,DSet/train\561117_mask.png,"['water', 'urban_land', 'rangeland', 'barren_land']"
563092,train,DSet/train\563092_sat.jpg,DSet/train\563092_mask.png,"['water', 'forest_land', 'barren_land']"
565914,train,DSet/train\565914_sat.jpg,DSet/train\565914_mask.png,"['water', 'forest_land', 'urban_land', 'rangeland', 'agriculture_land']"
568270,train,DSet/train\568270_sat.jpg,DSet/train\568270_mask.png,"['water', 'urban_land', 'rangeland', 'agriculture_land', 'barren_land']"
56924,train,DSet/train\56924_sat.jpg,DSet/train\56924_mask.png,"['water', 'rangeland', 'agriculture_land']"
570332,train,DSet/train\570332_sat.jpg,DSet/train\570332_mask.png,"['water', 'forest_land', 'urban_land', 'rangeland', 'agriculture_land', 'barren_land']"
570992,train,DSet/train\570992_sat.jpg,DSet/train\570992_mask.png,"['water', 'urban_land', 'rangeland', 'agriculture_land']"
571520,train,DSet/train\571520_sat.jpg,DSet/train\571520_mask.png,"['rangeland', 'agriculture_land']"
572237,train,DSet/train\572237_sat.jpg,DSet/train\572237_mask.png,"['water', 'urban_land', 'barren_land']"
574789,train,DSet/train\574789_sat.jpg,DSet/train\574789_mask.png,"['water', 'urban_land', 'rangeland', 'agriculture_land', 'barren_land']"
575902,train,DSet/train\575902_sat.jpg,DSet/train\575902_mask.png,"['water', 'forest_land', 'urban_land', 'rangeland', 'agriculture_land', 'barren_land']"
576417,train,DSet/train\576417_sat.jpg,DSet/train\576417_mask.png,"['water', 'rangeland', 'agriculture_land']"
577164,train,DSet/train\577164_sat.jpg,DSet/train\577164_mask.png,"['rangeland', 'agriculture_land']"
584663,train,DSet/train\584663_sat.jpg,DSet/train\584663_mask.png,"['urban_land', 'agriculture_land', 'barren_land']"
584712,train,DSet/train\584712_sat.jpg,DSet/train\584712_mask.png,"['forest_land', 'urban_land', 'rangeland', 'agriculture_land']"
584865,train,DSet/train\584865_sat.jpg,DSet/train\584865_mask.png,"['water', 'urban_land', 'rangeland', 'agriculture_land', 'barren_land']"
584941,train,DSet/train\584941_sat.jpg,DSet/train\584941_mask.png,"['water', 'urban_land', 'rangeland', 'agriculture_land']"
585043,train,DSet/train\585043_sat.jpg,DSet/train\585043_mask.png,"['water', 'agriculture_land']"
586222,train,DSet/train\586222_sat.jpg,DSet/train\586222_mask.png,"['forest_land', 'agriculture_land']"
586670,train,DSet/train\586670_sat.jpg,DSet/train\586670_mask.png,"['water', 'urban_land', 'rangeland', 'agriculture_land']"
586806,train,DSet/train\586806_sat.jpg,DSet/train\586806_mask.png,"['water', 'urban_land', 'rangeland', 'agriculture_land', 'barren_land']"
587968,train,DSet/train\587968_sat.jpg,DSet/train\587968_mask.png,"['urban_land', 'rangeland', 'agriculture_land']"
588542,train,DSet/train\588542_sat.jpg,DSet/train\588542_mask.png,"['unknown', 'water', 'urban_land', 'rangeland', 'barren_land']"
58864,train,DSet/train\58864_sat.jpg,DSet/train\58864_mask.png,"['urban_land', 'agriculture_land']"
58910,train,DSet/train\58910_sat.jpg,DSet/train\58910_mask.png,"['urban_land', 'agriculture_land']"
589940,train,DSet/train\589940_sat.jpg,DSet/train\589940_mask.png,"['water', 'urban_land', 'agriculture_land']"
591815,train,DSet/train\591815_sat.jpg,DSet/train\591815_mask.png,"['water', 'urban_land', 'rangeland', 'agriculture_land']"
596837,train,DSet/train\596837_sat.jpg,DSet/train\596837_mask.png,"['agriculture_land', 'barren_land']"
599743,train,DSet/train\599743_sat.jpg,DSet/train\599743_mask.png,"['urban_land', 'agriculture_land', 'barren_land']"
599842,train,DSet/train\599842_sat.jpg,DSet/train\599842_mask.png,"['water', 'urban_land', 'rangeland', 'agriculture_land', 'barren_land']"
599975,train,DSet/train\599975_sat.jpg,DSet/train\599975_mask.png,"['water', 'urban_land', 'rangeland', 'agriculture_land', 'barren_land']"
600230,train,DSet/train\600230_sat.jpg,DSet/train\600230_mask.png,"['urban_land', 'rangeland', 'agriculture_land']"
601966,train,DSet/train\601966_sat.jpg,DSet/train\601966_mask.png,"['urban_land', 'rangeland', 'agriculture_land']"
602453,train,DSet/train\602453_sat.jpg,DSet/train\602453_mask.png,"['water', 'urban_land', 'agriculture_land']"
603617,train,DSet/train\603617_sat.jpg,DSet/train\603617_mask.png,"['water', 'forest_land', 'urban_land', 'rangeland', 'agriculture_land']"
604647,train,DSet/train\604647_sat.jpg,DSet/train\604647_mask.png,"['urban_land', 'agriculture_land', 'barren_land']"
604833,train,DSet/train\604833_sat.jpg,DSet/train\604833_mask.png,"['water', 'agriculture_land', 'barren_land']"
605037,train,DSet/train\605037_sat.jpg,DSet/train\605037_mask.png,"['rangeland', 'agriculture_land']"
605707,train,DSet/train\605707_sat.jpg,DSet/train\605707_mask.png,"['water', 'urban_land', 'rangeland', 'agriculture_land', 'barren_land']"
605764,train,DSet/train\605764_sat.jpg,DSet/train\605764_mask.png,"['unknown', 'water', 'forest_land', 'urban_land', 'rangeland', 'barren_land']"
606014,train,DSet/train\606014_sat.jpg,DSet/train\606014_mask.png,"['water', 'agriculture_land', 'barren_land']"
606370,train,DSet/train\606370_sat.jpg,DSet/train\606370_mask.png,"['water', 'urban_land', 'agriculture_land']"
606,train,DSet/train\606_sat.jpg,DSet/train\606_mask.png,"['water', 'rangeland', 'agriculture_land', 'barren_land']"
607622,train,DSet/train\607622_sat.jpg,DSet/train\607622_mask.png,"['water', 'urban_land', 'rangeland', 'agriculture_land', 'barren_land']"
608673,train,DSet/train\608673_sat.jpg,DSet/train\608673_mask.png,"['water', 'urban_land', 'agriculture_land']"
609234,train,DSet/train\609234_sat.jpg,DSet/train\609234_mask.png,"['water', 'urban_land', 'agriculture_land', 'barren_land']"
611015,train,DSet/train\611015_sat.jpg,DSet/train\611015_mask.png,"['water', 'urban_land', 'rangeland', 'agriculture_land', 'barren_land']"
612214,train,DSet/train\612214_sat.jpg,DSet/train\612214_mask.png,"['forest_land', 'rangeland', 'agriculture_land']"
61245,train,DSet/train\61245_sat.jpg,DSet/train\61245_mask.png,"['urban_land', 'agriculture_land']"
613687,train,DSet/train\613687_sat.jpg,DSet/train\613687_mask.png,"['urban_land', 'agriculture_land']"
614561,train,DSet/train\614561_sat.jpg,DSet/train\614561_mask.png,"['water', 'rangeland', 'agriculture_land']"
615420,train,DSet/train\615420_sat.jpg,DSet/train\615420_mask.png,"['water', 'rangeland', 'agriculture_land']"
616234,train,DSet/train\616234_sat.jpg,DSet/train\616234_mask.png,"['urban_land', 'agriculture_land']"
616860,train,DSet/train\616860_sat.jpg,DSet/train\616860_mask.png,"['water', 'urban_land', 'rangeland', 'agriculture_land']"
617844,train,DSet/train\617844_sat.jpg,DSet/train\617844_mask.png,"['water', 'agriculture_land']"
618372,train,DSet/train\618372_sat.jpg,DSet/train\618372_mask.png,"['urban_land', 'agriculture_land', 'barren_land']"
619800,train,DSet/train\619800_sat.jpg,DSet/train\619800_mask.png,"['forest_land', 'urban_land', 'rangeland', 'agriculture_land', 'barren_land']"
620018,train,DSet/train\620018_sat.jpg,DSet/train\620018_mask.png,"['urban_land', 'agriculture_land']"
62078,train,DSet/train\62078_sat.jpg,DSet/train\62078_mask.png,"['water', 'urban_land', 'rangeland', 'agriculture_land']"
621206,train,DSet/train\621206_sat.jpg,DSet/train\621206_mask.png,"['water', 'forest_land', 'rangeland', 'agriculture_land']"
621459,train,DSet/train\621459_sat.jpg,DSet/train\621459_mask.png,"['water', 'rangeland', 'agriculture_land', 'barren_land']"
621633,train,DSet/train\621633_sat.jpg,DSet/train\621633_mask.png,"['water', 'urban_land', 'rangeland', 'agriculture_land', 'barren_land']"
622733,train,DSet/train\622733_sat.jpg,DSet/train\622733_mask.png,"['water', 'urban_land', 'rangeland', 'agriculture_land', 'barren_land']"
623857,train,DSet/train\623857_sat.jpg,DSet/train\623857_mask.png,"['urban_land', 'rangeland', 'agriculture_land']"
624916,train,DSet/train\624916_sat.jpg,DSet/train\624916_mask.png,"['water', 'forest_land', 'rangeland', 'agriculture_land', 'barren_land']"
625296,train,DSet/train\625296_sat.jpg,DSet/train\625296_mask.png,"['agriculture_land', 'barren_land']"
626208,train,DSet/train\626208_sat.jpg,DSet/train\626208_mask.png,"['water', 'forest_land', 'urban_land', 'rangeland', 'agriculture_land']"
626323,train,DSet/train\626323_sat.jpg,DSet/train\626323_mask.png,"['urban_land', 'agriculture_land']"
627583,train,DSet/train\627583_sat.jpg,DSet/train\627583_mask.png,"['water', 'urban_land', 'rangeland', 'agriculture_land', 'barren_land']"
627806,train,DSet/train\627806_sat.jpg,DSet/train\627806_mask.png,"['water', 'urban_land', 'rangeland', 'agriculture_land', 'barren_land']"
628479,train,DSet/train\628479_sat.jpg,DSet/train\628479_mask.png,"['water', 'forest_land', 'urban_land', 'rangeland', 'agriculture_land', 'barren_land']"
629198,train,DSet/train\629198_sat.jpg,DSet/train\629198_mask.png,"['water', 'urban_land', 'rangeland', 'agriculture_land', 'barren_land']"
632489,train,DSet/train\632489_sat.jpg,DSet/train\632489_mask.png,"['water', 'forest_land', 'agriculture_land']"
634421,train,DSet/train\634421_sat.jpg,DSet/train\634421_mask.png,"['urban_land', 'agriculture_land', 'barren_land']"
634717,train,DSet/train\634717_sat.jpg,DSet/train\634717_mask.png,"['unknown', 'water', 'forest_land', 'urban_land', 'barren_land']"
635157,train,DSet/train\635157_sat.jpg,DSet/train\635157_mask.png,"['urban_land', 'rangeland', 'agriculture_land', 'barren_land']"
635841,train,DSet/train\635841_sat.jpg,DSet/train\635841_mask.png,"['urban_land', 'rangeland', 'agriculture_land', 'barren_land']"
636849,train,DSet/train\636849_sat.jpg,DSet/train\636849_mask.png,"['water', 'urban_land', 'rangeland', 'agriculture_land', 'barren_land']"
638158,train,DSet/train\638158_sat.jpg,DSet/train\638158_mask.png,"['water', 'agriculture_land', 'barren_land']"
638168,train,DSet/train\638168_sat.jpg,DSet/train\638168_mask.png,"['agriculture_land', 'barren_land']"
638937,train,DSet/train\638937_sat.jpg,DSet/train\638937_mask.png,"['water', 'urban_land', 'agriculture_land', 'barren_land']"
639004,train,DSet/train\639004_sat.jpg,DSet/train\639004_mask.png,"['water', 'urban_land', 'rangeland', 'agriculture_land']"
639149,train,DSet/train\639149_sat.jpg,DSet/train\639149_mask.png,"['urban_land', 'agriculture_land']"
639314,train,DSet/train\639314_sat.jpg,DSet/train\639314_mask.png,"['urban_land', 'rangeland', 'agriculture_land']"
6399,train,DSet/train\6399_sat.jpg,DSet/train\6399_mask.png,"['unknown', 'water', 'forest_land', 'urban_land', 'rangeland', 'agriculture_land', 'barren_land']"
641771,train,DSet/train\641771_sat.jpg,DSet/train\641771_mask.png,"['unknown', 'water', 'urban_land', 'rangeland', 'agriculture_land', 'barren_land']"
642909,train,DSet/train\642909_sat.jpg,DSet/train\642909_mask.png,"['urban_land', 'agriculture_land', 'barren_land']"
644103,train,DSet/train\644103_sat.jpg,DSet/train\644103_mask.png,"['forest_land', 'urban_land', 'rangeland', 'agriculture_land']"
644150,train,DSet/train\644150_sat.jpg,DSet/train\644150_mask.png,"['water', 'forest_land', 'agriculture_land', 'barren_land']"
645001,train,DSet/train\645001_sat.jpg,DSet/train\645001_mask.png,"['water', 'urban_land', 'rangeland', 'agriculture_land']"
646596,train,DSet/train\646596_sat.jpg,DSet/train\646596_mask.png,"['water', 'urban_land', 'rangeland', 'agriculture_land', 'barren_land']"
649042,train,DSet/train\649042_sat.jpg,DSet/train\649042_mask.png,"['water', 'agriculture_land']"
649260,train,DSet/train\649260_sat.jpg,DSet/train\649260_mask.png,"['unknown', 'water', 'urban_land', 'rangeland', 'agriculture_land']"
650253,train,DSet/train\650253_sat.jpg,DSet/train\650253_mask.png,"['forest_land', 'rangeland', 'agriculture_land']"
650751,train,DSet/train\650751_sat.jpg,DSet/train\650751_mask.png,"['water', 'rangeland', 'agriculture_land']"
651312,train,DSet/train\651312_sat.jpg,DSet/train\651312_mask.png,"['water', 'forest_land', 'urban_land', 'rangeland', 'agriculture_land', 'barren_land']"
651537,train,DSet/train\651537_sat.jpg,DSet/train\651537_mask.png,"['water', 'rangeland', 'agriculture_land', 'barren_land']"
65170,train,DSet/train\65170_sat.jpg,DSet/train\65170_mask.png,"['water', 'rangeland', 'agriculture_land']"
651774,train,DSet/train\651774_sat.jpg,DSet/train\651774_mask.png,"['urban_land', 'agriculture_land']"
652183,train,DSet/train\652183_sat.jpg,DSet/train\652183_mask.png,"['urban_land', 'rangeland', 'agriculture_land']"
652733,train,DSet/train\652733_sat.jpg,DSet/train\652733_mask.png,"['water', 'agriculture_land']"
652883,train,DSet/train\652883_sat.jpg,DSet/train\652883_mask.png,"['water', 'forest_land', 'urban_land', 'barren_land']"
654770,train,DSet/train\654770_sat.jpg,DSet/train\654770_mask.png,"['urban_land', 'rangeland', 'agriculture_land', 'barren_land']"
655313,train,DSet/train\655313_sat.jpg,DSet/train\655313_mask.png,"['urban_land', 'agriculture_land']"
659953,train,DSet/train\659953_sat.jpg,DSet/train\659953_mask.png,"['water', 'urban_land', 'rangeland', 'agriculture_land']"
660069,train,DSet/train\660069_sat.jpg,DSet/train\660069_mask.png,"['urban_land', 'agriculture_land']"
660933,train,DSet/train\660933_sat.jpg,DSet/train\660933_mask.png,"['water', 'urban_land', 'agriculture_land', 'barren_land']"
661864,train,DSet/train\661864_sat.jpg,DSet/train\661864_mask.png,"['water', 'urban_land', 'agriculture_land']"
66344,train,DSet/train\66344_sat.jpg,DSet/train\66344_mask.png,"['urban_land', 'rangeland', 'agriculture_land']"
664140,train,DSet/train\664140_sat.jpg,DSet/train\664140_mask.png,"['water', 'urban_land', 'rangeland', 'agriculture_land', 'barren_land']"
664396,train,DSet/train\664396_sat.jpg,DSet/train\664396_mask.png,"['water', 'urban_land', 'rangeland', 'agriculture_land', 'barren_land']"
665914,train,DSet/train\665914_sat.jpg,DSet/train\665914_mask.png,"['forest_land', 'urban_land', 'rangeland', 'agriculture_land', 'barren_land']"
668465,train,DSet/train\668465_sat.jpg,DSet/train\668465_mask.png,"['water', 'forest_land', 'urban_land', 'rangeland', 'barren_land']"
669010,train,DSet/train\669010_sat.jpg,DSet/train\669010_mask.png,"['water', 'urban_land', 'rangeland', 'agriculture_land', 'barren_land']"
669156,train,DSet/train\669156_sat.jpg,DSet/train\669156_mask.png,"['water', 'urban_land', 'rangeland', 'agriculture_land', 'barren_land']"
669779,train,DSet/train\669779_sat.jpg,DSet/train\669779_mask.png,"['water', 'urban_land', 'agriculture_land']"
671164,train,DSet/train\671164_sat.jpg,DSet/train\671164_mask.png,"['water', 'agriculture_land', 'barren_land']"
672041,train,DSet/train\672041_sat.jpg,DSet/train\672041_mask.png,"['urban_land', 'rangeland', 'agriculture_land', 'barren_land']"
672823,train,DSet/train\672823_sat.jpg,DSet/train\672823_mask.png,"['water', 'urban_land', 'agriculture_land', 'barren_land']"
673927,train,DSet/train\673927_sat.jpg,DSet/train\673927_mask.png,"['water', 'urban_land', 'rangeland', 'agriculture_land', 'barren_land']"
675424,train,DSet/train\675424_sat.jpg,DSet/train\675424_mask.png,"['water', 'urban_land', 'rangeland']"
675849,train,DSet/train\675849_sat.jpg,DSet/train\675849_mask.png,"['urban_land', 'agriculture_land']"
676758,train,DSet/train\676758_sat.jpg,DSet/train\676758_mask.png,"['urban_land', 'agriculture_land']"
678520,train,DSet/train\678520_sat.jpg,DSet/train\678520_mask.png,"['water', 'urban_land', 'rangeland', 'agriculture_land']"
679036,train,DSet/train\679036_sat.jpg,DSet/train\679036_mask.png,"['water', 'urban_land', 'rangeland', 'agriculture_land']"
679507,train,DSet/train\679507_sat.jpg,DSet/train\679507_mask.png,"['forest_land', 'urban_land', 'rangeland', 'agriculture_land']"
68078,train,DSet/train\68078_sat.jpg,DSet/train\68078_mask.png,"['water', 'urban_land', 'barren_land']"
682046,train,DSet/train\682046_sat.jpg,DSet/train\682046_mask.png,"['water', 'urban_land', 'agriculture_land']"
682688,train,DSet/train\682688_sat.jpg,DSet/train\682688_mask.png,"['urban_land', 'rangeland', 'agriculture_land', 'barren_land']"
682949,train,DSet/train\682949_sat.jpg,DSet/train\682949_mask.png,"['urban_land', 'rangeland', 'agriculture_land']"
684377,train,DSet/train\684377_sat.jpg,DSet/train\684377_mask.png,"['water', 'rangeland', 'agriculture_land', 'barren_land']"
686781,train,DSet/train\686781_sat.jpg,DSet/train\686781_mask.png,"['urban_land', 'agriculture_land', 'barren_land']"
688544,train,DSet/train\688544_sat.jpg,DSet/train\688544_mask.png,"['forest_land', 'urban_land', 'agriculture_land', 'barren_land']"
691384,train,DSet/train\691384_sat.jpg,DSet/train\691384_mask.png,"['forest_land', 'rangeland', 'agriculture_land', 'barren_land']"
692004,train,DSet/train\692004_sat.jpg,DSet/train\692004_mask.png,"['unknown', 'water', 'urban_land', 'rangeland', 'agriculture_land', 'barren_land']"
692982,train,DSet/train\692982_sat.jpg,DSet/train\692982_mask.png,"['urban_land', 'rangeland', 'agriculture_land']"
695475,train,DSet/train\695475_sat.jpg,DSet/train\695475_mask.png,"['water', 'agriculture_land']"
696257,train,DSet/train\696257_sat.jpg,DSet/train\696257_mask.png,"['urban_land', 'agriculture_land']"
69628,train,DSet/train\69628_sat.jpg,DSet/train\69628_mask.png,"['water', 'urban_land', 'rangeland', 'agriculture_land']"
698065,train,DSet/train\698065_sat.jpg,DSet/train\698065_mask.png,"['water', 'agriculture_land', 'barren_land']"
698628,train,DSet/train\698628_sat.jpg,DSet/train\698628_mask.png,"['water', 'forest_land', 'urban_land', 'rangeland']"
699650,train,DSet/train\699650_sat.jpg,DSet/train\699650_mask.png,"['urban_land', 'agriculture_land']"
702918,train,DSet/train\702918_sat.jpg,DSet/train\702918_mask.png,"['urban_land', 'agriculture_land']"
703413,train,DSet/train\703413_sat.jpg,DSet/train\703413_mask.png,"['water', 'urban_land', 'rangeland', 'agriculture_land', 'barren_land']"
705728,train,DSet/train\705728_sat.jpg,DSet/train\705728_mask.png,"['water', 'urban_land', 'rangeland', 'agriculture_land']"
706996,train,DSet/train\706996_sat.jpg,DSet/train\706996_mask.png,"['water', 'urban_land', 'barren_land']"
707319,train,DSet/train\707319_sat.jpg,DSet/train\707319_mask.png,"['urban_land', 'agriculture_land']"
708527,train,DSet/train\708527_sat.jpg,DSet/train\708527_mask.png,"['water', 'urban_land', 'rangeland', 'agriculture_land']"
708588,train,DSet/train\708588_sat.jpg,DSet/train\708588_mask.png,"['rangeland', 'agriculture_land']"
71125,train,DSet/train\71125_sat.jpg,DSet/train\71125_mask.png,"['forest_land', 'rangeland', 'agriculture_land', 'barren_land']"
711893,train,DSet/train\711893_sat.jpg,DSet/train\711893_mask.png,['forest_land']
713813,train,DSet/train\713813_sat.jpg,DSet/train\713813_mask.png,"['water', 'forest_land', 'urban_land', 'rangeland']"
714414,train,DSet/train\714414_sat.jpg,DSet/train\714414_mask.png,"['agriculture_land', 'barren_land']"
715633,train,DSet/train\715633_sat.jpg,DSet/train\715633_mask.png,"['water', 'urban_land', 'rangeland', 'agriculture_land', 'barren_land']"
715846,train,DSet/train\715846_sat.jpg,DSet/train\715846_mask.png,"['forest_land', 'rangeland', 'agriculture_land']"
71619,train,DSet/train\71619_sat.jpg,DSet/train\71619_mask.png,"['water', 'forest_land', 'urban_land', 'rangeland', 'agriculture_land']"
717225,train,DSet/train\717225_sat.jpg,DSet/train\717225_mask.png,"['urban_land', 'agriculture_land']"
723067,train,DSet/train\723067_sat.jpg,DSet/train\723067_mask.png,"['urban_land', 'rangeland', 'agriculture_land', 'barren_land']"
723719,train,DSet/train\723719_sat.jpg,DSet/train\723719_mask.png,"['water', 'urban_land', 'rangeland', 'barren_land']"
725646,train,DSet/train\725646_sat.jpg,DSet/train\725646_mask.png,"['forest_land', 'urban_land', 'agriculture_land', 'barren_land']"
726265,train,DSet/train\726265_sat.jpg,DSet/train\726265_mask.png,"['water', 'urban_land', 'rangeland', 'agriculture_land', 'barren_land']"
727832,train,DSet/train\727832_sat.jpg,DSet/train\727832_mask.png,"['water', 'urban_land', 'rangeland', 'agriculture_land', 'barren_land']"
72807,train,DSet/train\72807_sat.jpg,DSet/train\72807_mask.png,"['forest_land', 'rangeland', 'agriculture_land', 'barren_land']"
728521,train,DSet/train\728521_sat.jpg,DSet/train\728521_mask.png,"['water', 'urban_land', 'rangeland', 'agriculture_land']"
730821,train,DSet/train\730821_sat.jpg,DSet/train\730821_mask.png,"['water', 'agriculture_land']"
730889,train,DSet/train\730889_sat.jpg,DSet/train\730889_mask.png,"['water', 'urban_land', 'rangeland', 'agriculture_land']"
732669,train,DSet/train\732669_sat.jpg,DSet/train\732669_mask.png,"['urban_land', 'rangeland', 'agriculture_land']"
733758,train,DSet/train\733758_sat.jpg,DSet/train\733758_mask.png,"['urban_land', 'rangeland', 'agriculture_land', 'barren_land']"
736869,train,DSet/train\736869_sat.jpg,DSet/train\736869_mask.png,"['water', 'forest_land', 'urban_land', 'rangeland', 'agriculture_land']"
736933,train,DSet/train\736933_sat.jpg,DSet/train\736933_mask.png,"['urban_land', 'agriculture_land', 'barren_land']"
739122,train,DSet/train\739122_sat.jpg,DSet/train\739122_mask.png,"['forest_land', 'rangeland', 'agriculture_land', 'barren_land']"
739760,train,DSet/train\739760_sat.jpg,DSet/train\739760_mask.png,"['water', 'forest_land', 'urban_land', 'rangeland', 'agriculture_land']"
740937,train,DSet/train\740937_sat.jpg,DSet/train\740937_mask.png,"['forest_land', 'urban_land', 'rangeland', 'agriculture_land']"
741105,train,DSet/train\741105_sat.jpg,DSet/train\741105_mask.png,"['urban_land', 'agriculture_land', 'barren_land']"
747824,train,DSet/train\747824_sat.jpg,DSet/train\747824_mask.png,"['water', 'urban_land', 'agriculture_land']"
748225,train,DSet/train\748225_sat.jpg,DSet/train\748225_mask.png,"['water', 'urban_land', 'agriculture_land']"
749375,train,DSet/train\749375_sat.jpg,DSet/train\749375_mask.png,"['water', 'forest_land', 'urban_land', 'rangeland', 'agriculture_land', 'barren_land']"
749523,train,DSet/train\749523_sat.jpg,DSet/train\749523_mask.png,"['forest_land', 'urban_land', 'rangeland', 'agriculture_land', 'barren_land']"
751939,train,DSet/train\751939_sat.jpg,DSet/train\751939_mask.png,"['urban_land', 'agriculture_land']"
753408,train,DSet/train\753408_sat.jpg,DSet/train\753408_mask.png,"['water', 'forest_land', 'barren_land']"
755453,train,DSet/train\755453_sat.jpg,DSet/train\755453_mask.png,"['water', 'urban_land', 'rangeland', 'agriculture_land', 'barren_land']"
757745,train,DSet/train\757745_sat.jpg,DSet/train\757745_mask.png,"['water', 'urban_land', 'rangeland', 'agriculture_land', 'barren_land']"
759668,train,DSet/train\759668_sat.jpg,DSet/train\759668_mask.png,"['water', 'urban_land', 'rangeland', 'agriculture_land', 'barren_land']"
759855,train,DSet/train\759855_sat.jpg,DSet/train\759855_mask.png,"['urban_land', 'agriculture_land']"
761189,train,DSet/train\761189_sat.jpg,DSet/train\761189_mask.png,"['unknown', 'water', 'rangeland', 'agriculture_land']"
762359,train,DSet/train\762359_sat.jpg,DSet/train\762359_mask.png,"['water', 'urban_land', 'rangeland', 'agriculture_land']"
762470,train,DSet/train\762470_sat.jpg,DSet/train\762470_mask.png,"['unknown', 'urban_land', 'rangeland', 'agriculture_land', 'barren_land']"
762937,train,DSet/train\762937_sat.jpg,DSet/train\762937_mask.png,"['urban_land', 'rangeland', 'agriculture_land', 'barren_land']"
763075,train,DSet/train\763075_sat.jpg,DSet/train\763075_mask.png,"['water', 'urban_land', 'agriculture_land']"
763892,train,DSet/train\763892_sat.jpg,DSet/train\763892_mask.png,"['rangeland', 'agriculture_land']"
765792,train,DSet/train\765792_sat.jpg,DSet/train\765792_mask.png,"['urban_land', 'agriculture_land']"
767012,train,DSet/train\767012_sat.jpg,DSet/train\767012_mask.png,"['forest_land', 'urban_land', 'rangeland', 'agriculture_land', 'barren_land']"
76759,train,DSet/train\76759_sat.jpg,DSet/train\76759_mask.png,"['forest_land', 'urban_land', 'rangeland', 'agriculture_land']"
768475,train,DSet/train\768475_sat.jpg,DSet/train\768475_mask.png,"['rangeland', 'agriculture_land', 'barren_land']"
771393,train,DSet/train\771393_sat.jpg,DSet/train\771393_mask.png,"['water', 'urban_land', 'rangeland', 'agriculture_land', 'barren_land']"
772130,train,DSet/train\772130_sat.jpg,DSet/train\772130_mask.png,"['urban_land', 'agriculture_land']"
772144,train,DSet/train\772144_sat.jpg,DSet/train\772144_mask.png,"['water', 'urban_land', 'agriculture_land', 'barren_land']"
772452,train,DSet/train\772452_sat.jpg,DSet/train\772452_mask.png,"['water', 'forest_land', 'urban_land', 'rangeland', 'barren_land']"
772567,train,DSet/train\772567_sat.jpg,DSet/train\772567_mask.png,"['water', 'forest_land', 'urban_land', 'rangeland', 'barren_land']"
77388,train,DSet/train\77388_sat.jpg,DSet/train\77388_mask.png,"['water', 'urban_land', 'rangeland', 'agriculture_land', 'barren_land']"
774779,train,DSet/train\774779_sat.jpg,DSet/train\774779_mask.png,"['water', 'forest_land', 'rangeland', 'agriculture_land', 'barren_land']"
775304,train,DSet/train\775304_sat.jpg,DSet/train\775304_mask.png,"['water', 'urban_land', 'barren_land']"
77669,train,DSet/train\77669_sat.jpg,DSet/train\77669_mask.png,"['water', 'urban_land', 'rangeland', 'agriculture_land', 'barren_land']"
777185,train,DSet/train\777185_sat.jpg,DSet/train\777185_mask.png,"['forest_land', 'urban_land', 'rangeland', 'agriculture_land', 'barren_land']"
778804,train,DSet/train\778804_sat.jpg,DSet/train\778804_mask.png,"['forest_land', 'urban_land', 'rangeland', 'agriculture_land', 'barren_land']"
7791,train,DSet/train\7791_sat.jpg,DSet/train\7791_mask.png,"['water', 'forest_land', 'urban_land', 'agriculture_land']"
782103,train,DSet/train\782103_sat.jpg,DSet/train\782103_mask.png,"['water', 'urban_land', 'rangeland', 'agriculture_land', 'barren_land']"
78298,train,DSet/train\78298_sat.jpg,DSet/train\78298_mask.png,"['water', 'urban_land', 'agriculture_land']"
784140,train,DSet/train\784140_sat.jpg,DSet/train\784140_mask.png,"['forest_land', 'urban_land', 'rangeland', 'agriculture_land', 'barren_land']"
78430,train,DSet/train\78430_sat.jpg,DSet/train\78430_mask.png,"['water', 'urban_land', 'rangeland', 'agriculture_land', 'barren_land']"
784518,train,DSet/train\784518_sat.jpg,DSet/train\784518_mask.png,"['forest_land', 'urban_land', 'rangeland', 'agriculture_land', 'barren_land']"
786226,train,DSet/train\786226_sat.jpg,DSet/train\786226_mask.png,"['urban_land', 'agriculture_land', 'barren_land']"
7892,train,DSet/train\7892_sat.jpg,DSet/train\7892_mask.png,"['water', 'rangeland', 'agriculture_land', 'barren_land']"
79049,train,DSet/train\79049_sat.jpg,DSet/train\79049_mask.png,"['water', 'urban_land', 'rangeland', 'agriculture_land', 'barren_land']"
7906,train,DSet/train\7906_sat.jpg,DSet/train\7906_mask.png,"['forest_land', 'urban_land', 'rangeland', 'agriculture_land']"
794214,train,DSet/train\794214_sat.jpg,DSet/train\794214_mask.png,"['water', 'forest_land', 'barren_land']"
798411,train,DSet/train\798411_sat.jpg,DSet/train\798411_mask.png,"['water', 'rangeland', 'agriculture_land']"
799523,train,DSet/train\799523_sat.jpg,DSet/train\799523_mask.png,"['water', 'urban_land', 'rangeland', 'agriculture_land', 'barren_land']"
801361,train,DSet/train\801361_sat.jpg,DSet/train\801361_mask.png,"['water', 'urban_land', 'agriculture_land', 'barren_land']"
802645,train,DSet/train\802645_sat.jpg,DSet/train\802645_mask.png,"['urban_land', 'agriculture_land']"
80318,train,DSet/train\80318_sat.jpg,DSet/train\80318_mask.png,"['unknown', 'urban_land', 'agriculture_land', 'barren_land']"
803958,train,DSet/train\803958_sat.jpg,DSet/train\803958_mask.png,"['urban_land', 'rangeland', 'agriculture_land', 'barren_land']"
805150,train,DSet/train\805150_sat.jpg,DSet/train\805150_mask.png,"['urban_land', 'agriculture_land', 'barren_land']"
806805,train,DSet/train\806805_sat.jpg,DSet/train\806805_mask.png,"['water', 'urban_land', 'rangeland', 'barren_land']"
807146,train,DSet/train\807146_sat.jpg,DSet/train\807146_mask.png,"['water', 'urban_land', 'rangeland', 'agriculture_land', 'barren_land']"
80808,train,DSet/train\80808_sat.jpg,DSet/train\80808_mask.png,"['water', 'urban_land', 'rangeland', 'agriculture_land', 'barren_land']"
808980,train,DSet/train\808980_sat.jpg,DSet/train\808980_mask.png,"['urban_land', 'agriculture_land', 'barren_land']"
81011,train,DSet/train\81011_sat.jpg,DSet/train\81011_mask.png,"['water', 'agriculture_land', 'barren_land']"
810368,train,DSet/train\810368_sat.jpg,DSet/train\810368_mask.png,"['water', 'forest_land', 'rangeland', 'agriculture_land', 'barren_land']"
81039,train,DSet/train\81039_sat.jpg,DSet/train\81039_mask.png,"['water', 'urban_land', 'agriculture_land', 'barren_land']"
810749,train,DSet/train\810749_sat.jpg,DSet/train\810749_mask.png,"['water', 'forest_land', 'urban_land', 'rangeland', 'agriculture_land']"
811075,train,DSet/train\811075_sat.jpg,DSet/train\811075_mask.png,"['urban_land', 'agriculture_land', 'barren_land']"
818254,train,DSet/train\818254_sat.jpg,DSet/train\818254_mask.png,"['water', 'urban_land', 'rangeland', 'agriculture_land', 'barren_land']"
819442,train,DSet/train\819442_sat.jpg,DSet/train\819442_mask.png,"['water', 'urban_land', 'rangeland', 'agriculture_land']"
820347,train,DSet/train\820347_sat.jpg,DSet/train\820347_mask.png,"['water', 'urban_land', 'rangeland', 'agriculture_land']"
820543,train,DSet/train\820543_sat.jpg,DSet/train\820543_mask.png,"['urban_land', 'agriculture_land']"
825592,train,DSet/train\825592_sat.jpg,DSet/train\825592_mask.png,"['water', 'urban_land', 'rangeland', 'agriculture_land', 'barren_land']"
825816,train,DSet/train\825816_sat.jpg,DSet/train\825816_mask.png,"['water', 'forest_land', 'urban_land', 'rangeland', 'agriculture_land', 'barren_land']"
827126,train,DSet/train\827126_sat.jpg,DSet/train\827126_mask.png,"['forest_land', 'rangeland', 'agriculture_land', 'barren_land']"
828684,train,DSet/train\828684_sat.jpg,DSet/train\828684_mask.png,"['water', 'urban_land', 'rangeland', 'agriculture_land']"
829962,train,DSet/train\829962_sat.jpg,DSet/train\829962_mask.png,"['water', 'urban_land', 'agriculture_land', 'barren_land']"
830444,train,DSet/train\830444_sat.jpg,DSet/train\830444_mask.png,"['water', 'forest_land', 'urban_land', 'rangeland', 'barren_land']"
831146,train,DSet/train\831146_sat.jpg,DSet/train\831146_mask.png,"['water', 'urban_land', 'rangeland', 'agriculture_land']"
834433,train,DSet/train\834433_sat.jpg,DSet/train\834433_mask.png,"['water', 'urban_land', 'agriculture_land']"
834900,train,DSet/train\834900_sat.jpg,DSet/train\834900_mask.png,"['water', 'urban_land', 'rangeland', 'agriculture_land']"
835147,train,DSet/train\835147_sat.jpg,DSet/train\835147_mask.png,"['urban_land', 'agriculture_land', 'barren_land']"
838669,train,DSet/train\838669_sat.jpg,DSet/train\838669_mask.png,"['forest_land', 'urban_land', 'rangeland', 'agriculture_land', 'barren_land']"
838873,train,DSet/train\838873_sat.jpg,DSet/train\838873_mask.png,['agriculture_land']
839012,train,DSet/train\839012_sat.jpg,DSet/train\839012_mask.png,"['water', 'urban_land', 'rangeland', 'barren_land']"
839641,train,DSet/train\839641_sat.jpg,DSet/train\839641_mask.png,"['forest_land', 'urban_land', 'rangeland']"
841286,train,DSet/train\841286_sat.jpg,DSet/train\841286_mask.png,"['water', 'agriculture_land']"
841404,train,DSet/train\841404_sat.jpg,DSet/train\841404_mask.png,"['water', 'rangeland', 'agriculture_land']"
841621,train,DSet/train\841621_sat.jpg,DSet/train\841621_mask.png,"['water', 'forest_land', 'urban_land', 'rangeland', 'agriculture_land']"
842556,train,DSet/train\842556_sat.jpg,DSet/train\842556_mask.png,"['water', 'urban_land', 'agriculture_land']"
845069,train,DSet/train\845069_sat.jpg,DSet/train\845069_mask.png,"['water', 'urban_land', 'rangeland', 'agriculture_land', 'barren_land']"
847604,train,DSet/train\847604_sat.jpg,DSet/train\847604_mask.png,"['rangeland', 'agriculture_land', 'barren_land']"
848649,train,DSet/train\848649_sat.jpg,DSet/train\848649_mask.png,"['water', 'agriculture_land']"
848728,train,DSet/train\848728_sat.jpg,DSet/train\848728_mask.png,"['forest_land', 'rangeland', 'agriculture_land', 'barren_land']"
848780,train,DSet/train\848780_sat.jpg,DSet/train\848780_mask.png,"['water', 'urban_land', 'agriculture_land', 'barren_land']"
849797,train,DSet/train\849797_sat.jpg,DSet/train\849797_mask.png,"['water', 'forest_land', 'urban_land', 'rangeland', 'agriculture_land']"
850510,train,DSet/train\850510_sat.jpg,DSet/train\850510_mask.png,"['water', 'forest_land', 'urban_land', 'rangeland', 'agriculture_land']"
853702,train,DSet/train\853702_sat.jpg,DSet/train\853702_mask.png,"['urban_land', 'agriculture_land']"
855,train,DSet/train\855_sat.jpg,DSet/train\855_mask.png,"['water', 'forest_land', 'urban_land', 'rangeland', 'agriculture_land', 'barren_land']"
857201,train,DSet/train\857201_sat.jpg,DSet/train\857201_mask.png,"['unknown', 'water', 'urban_land', 'rangeland']"
858771,train,DSet/train\858771_sat.jpg,DSet/train\858771_mask.png,"['water', 'forest_land', 'urban_land', 'rangeland', 'agriculture_land']"
860326,train,DSet/train\860326_sat.jpg,DSet/train\860326_mask.png,"['water', 'urban_land', 'agriculture_land']"
861353,train,DSet/train\861353_sat.jpg,DSet/train\861353_mask.png,"['water', 'forest_land', 'urban_land', 'rangeland', 'agriculture_land']"
864488,train,DSet/train\864488_sat.jpg,DSet/train\864488_mask.png,"['water', 'urban_land', 'agriculture_land']"
866782,train,DSet/train\866782_sat.jpg,DSet/train\866782_mask.png,"['forest_land', 'urban_land', 'rangeland', 'agriculture_land']"
867017,train,DSet/train\867017_sat.jpg,DSet/train\867017_mask.png,"['urban_land', 'rangeland', 'agriculture_land', 'barren_land']"
867349,train,DSet/train\867349_sat.jpg,DSet/train\867349_mask.png,"['urban_land', 'agriculture_land']"
867983,train,DSet/train\867983_sat.jpg,DSet/train\867983_mask.png,"['urban_land', 'agriculture_land']"
868003,train,DSet/train\868003_sat.jpg,DSet/train\868003_mask.png,"['forest_land', 'urban_land', 'agriculture_land', 'barren_land']"
86805,train,DSet/train\86805_sat.jpg,DSet/train\86805_mask.png,"['urban_land', 'rangeland', 'agriculture_land', 'barren_land']"
870705,train,DSet/train\870705_sat.jpg,DSet/train\870705_mask.png,"['water', 'forest_land', 'urban_land', 'rangeland', 'agriculture_land']"
873132,train,DSet/train\873132_sat.jpg,DSet/train\873132_mask.png,"['forest_land', 'barren_land']"
875327,train,DSet/train\875327_sat.jpg,DSet/train\875327_mask.png,"['water', 'urban_land', 'rangeland', 'agriculture_land', 'barren_land']"
875328,train,DSet/train\875328_sat.jpg,DSet/train\875328_mask.png,"['forest_land', 'urban_land', 'rangeland', 'agriculture_land']"
875409,train,DSet/train\875409_sat.jpg,DSet/train\875409_mask.png,"['urban_land', 'agriculture_land']"
876248,train,DSet/train\876248_sat.jpg,DSet/train\876248_mask.png,"['forest_land', 'urban_land', 'rangeland', 'agriculture_land']"
877160,train,DSet/train\877160_sat.jpg,DSet/train\877160_mask.png,"['forest_land', 'urban_land', 'rangeland', 'agriculture_land']"
878990,train,DSet/train\878990_sat.jpg,DSet/train\878990_mask.png,"['unknown', 'water', 'urban_land', 'rangeland', 'agriculture_land', 'barren_land']"
880610,train,DSet/train\880610_sat.jpg,DSet/train\880610_mask.png,"['forest_land', 'rangeland', 'agriculture_land', 'barren_land']"
882451,train,DSet/train\882451_sat.jpg,DSet/train\882451_mask.png,"['water', 'forest_land', 'urban_land', 'rangeland', 'barren_land']"
88571,train,DSet/train\88571_sat.jpg,DSet/train\88571_mask.png,"['urban_land', 'agriculture_land']"
888263,train,DSet/train\888263_sat.jpg,DSet/train\888263_mask.png,"['urban_land', 'rangeland', 'agriculture_land']"
888343,train,DSet/train\888343_sat.jpg,DSet/train\888343_mask.png,"['water', 'forest_land', 'urban_land', 'rangeland', 'agriculture_land']"
889145,train,DSet/train\889145_sat.jpg,DSet/train\889145_mask.png,"['water', 'urban_land', 'agriculture_land']"
889920,train,DSet/train\889920_sat.jpg,DSet/train\889920_mask.png,"['water', 'rangeland', 'agriculture_land']"
890145,train,DSet/train\890145_sat.jpg,DSet/train\890145_mask.png,"['water', 'urban_land', 'agriculture_land']"
891153,train,DSet/train\891153_sat.jpg,DSet/train\891153_mask.png,"['urban_land', 'agriculture_land']"
893261,train,DSet/train\893261_sat.jpg,DSet/train\893261_mask.png,"['water', 'rangeland', 'agriculture_land']"
893651,train,DSet/train\893651_sat.jpg,DSet/train\893651_mask.png,"['urban_land', 'agriculture_land', 'barren_land']"
893904,train,DSet/train\893904_sat.jpg,DSet/train\893904_mask.png,"['water', 'urban_land', 'rangeland', 'barren_land']"
895509,train,DSet/train\895509_sat.jpg,DSet/train\895509_mask.png,"['water', 'agriculture_land', 'barren_land']"
897901,train,DSet/train\897901_sat.jpg,DSet/train\897901_mask.png,"['water', 'forest_land', 'urban_land', 'rangeland', 'agriculture_land', 'barren_land']"
898741,train,DSet/train\898741_sat.jpg,DSet/train\898741_mask.png,"['water', 'urban_land', 'rangeland', 'agriculture_land']"
899693,train,DSet/train\899693_sat.jpg,DSet/train\899693_mask.png,"['water', 'forest_land', 'urban_land', 'rangeland', 'agriculture_land', 'barren_land']"
900985,train,DSet/train\900985_sat.jpg,DSet/train\900985_mask.png,"['water', 'urban_land', 'rangeland', 'agriculture_land', 'barren_land']"
901715,train,DSet/train\901715_sat.jpg,DSet/train\901715_mask.png,"['urban_land', 'rangeland', 'agriculture_land']"
902350,train,DSet/train\902350_sat.jpg,DSet/train\902350_mask.png,['agriculture_land']
903649,train,DSet/train\903649_sat.jpg,DSet/train\903649_mask.png,"['water', 'urban_land', 'rangeland', 'barren_land']"
904606,train,DSet/train\904606_sat.jpg,DSet/train\904606_mask.png,"['water', 'urban_land', 'agriculture_land']"
906113,train,DSet/train\906113_sat.jpg,DSet/train\906113_mask.png,"['forest_land', 'agriculture_land']"
908837,train,DSet/train\908837_sat.jpg,DSet/train\908837_mask.png,"['urban_land', 'agriculture_land']"
910525,train,DSet/train\910525_sat.jpg,DSet/train\910525_mask.png,"['urban_land', 'barren_land']"
911457,train,DSet/train\911457_sat.jpg,DSet/train\911457_mask.png,"['water', 'urban_land', 'rangeland', 'agriculture_land', 'barren_land']"
912087,train,DSet/train\912087_sat.jpg,DSet/train\912087_mask.png,"['water', 'urban_land', 'agriculture_land', 'barren_land']"
912620,train,DSet/train\912620_sat.jpg,DSet/train\912620_mask.png,"['urban_land', 'rangeland', 'agriculture_land', 'barren_land']"
914008,train,DSet/train\914008_sat.jpg,DSet/train\914008_mask.png,"['water', 'urban_land', 'rangeland', 'agriculture_land', 'barren_land']"
916141,train,DSet/train\916141_sat.jpg,DSet/train\916141_mask.png,"['water', 'urban_land', 'rangeland', 'agriculture_land']"
916336,train,DSet/train\916336_sat.jpg,DSet/train\916336_mask.png,"['water', 'agriculture_land', 'barren_land']"
916518,train,DSet/train\916518_sat.jpg,DSet/train\916518_mask.png,"['urban_land', 'rangeland', 'agriculture_land', 'barren_land']"
917081,train,DSet/train\917081_sat.jpg,DSet/train\917081_mask.png,"['water', 'urban_land', 'rangeland', 'agriculture_land']"
918105,train,DSet/train\918105_sat.jpg,DSet/train\918105_mask.png,"['unknown', 'urban_land', 'rangeland', 'agriculture_land', 'barren_land']"
918446,train,DSet/train\918446_sat.jpg,DSet/train\918446_mask.png,"['water', 'forest_land', 'urban_land', 'rangeland', 'agriculture_land']"
919051,train,DSet/train\919051_sat.jpg,DSet/train\919051_mask.png,"['water', 'forest_land', 'urban_land', 'rangeland', 'agriculture_land']"
919602,train,DSet/train\919602_sat.jpg,DSet/train\919602_mask.png,"['urban_land', 'agriculture_land']"
923223,train,DSet/train\923223_sat.jpg,DSet/train\923223_mask.png,"['urban_land', 'rangeland', 'agriculture_land']"
923618,train,DSet/train\923618_sat.jpg,DSet/train\923618_mask.png,"['water', 'urban_land', 'agriculture_land']"
924236,train,DSet/train\924236_sat.jpg,DSet/train\924236_mask.png,"['water', 'forest_land', 'urban_land', 'rangeland', 'agriculture_land', 'barren_land']"
925382,train,DSet/train\925382_sat.jpg,DSet/train\925382_mask.png,"['water', 'urban_land', 'agriculture_land', 'barren_land']"
925425,train,DSet/train\925425_sat.jpg,DSet/train\925425_mask.png,"['forest_land', 'urban_land', 'rangeland', 'agriculture_land']"
926392,train,DSet/train\926392_sat.jpg,DSet/train\926392_mask.png,"['urban_land', 'agriculture_land']"
927126,train,DSet/train\927126_sat.jpg,DSet/train\927126_mask.png,"['water', 'urban_land', 'barren_land']"
927644,train,DSet/train\927644_sat.jpg,DSet/train\927644_mask.png,"['urban_land', 'rangeland', 'agriculture_land', 'barren_land']"
930028,train,DSet/train\930028_sat.jpg,DSet/train\930028_mask.png,"['urban_land', 'rangeland']"
930491,train,DSet/train\930491_sat.jpg,DSet/train\930491_mask.png,"['urban_land', 'rangeland', 'agriculture_land']"
934795,train,DSet/train\934795_sat.jpg,DSet/train\934795_mask.png,"['water', 'urban_land', 'rangeland', 'agriculture_land']"
935193,train,DSet/train\935193_sat.jpg,DSet/train\935193_mask.png,"['water', 'urban_land', 'rangeland', 'agriculture_land']"
935318,train,DSet/train\935318_sat.jpg,DSet/train\935318_mask.png,"['forest_land', 'urban_land', 'agriculture_land']"
937922,train,DSet/train\937922_sat.jpg,DSet/train\937922_mask.png,"['water', 'urban_land', 'rangeland', 'agriculture_land', 'barren_land']"
939614,train,DSet/train\939614_sat.jpg,DSet/train\939614_mask.png,"['water', 'forest_land', 'urban_land', 'rangeland']"
940229,train,DSet/train\940229_sat.jpg,DSet/train\940229_mask.png,"['water', 'forest_land', 'urban_land', 'barren_land']"
941237,train,DSet/train\941237_sat.jpg,DSet/train\941237_mask.png,"['water', 'urban_land', 'rangeland', 'barren_land']"
942307,train,DSet/train\942307_sat.jpg,DSet/train\942307_mask.png,"['water', 'urban_land', 'agriculture_land']"
942594,train,DSet/train\942594_sat.jpg,DSet/train\942594_mask.png,"['urban_land', 'agriculture_land']"
942986,train,DSet/train\942986_sat.jpg,DSet/train\942986_mask.png,"['water', 'urban_land', 'rangeland', 'agriculture_land', 'barren_land']"
943463,train,DSet/train\943463_sat.jpg,DSet/train\943463_mask.png,"['water', 'urban_land', 'rangeland', 'agriculture_land']"
943943,train,DSet/train\943943_sat.jpg,DSet/train\943943_mask.png,"['water', 'forest_land', 'urban_land', 'rangeland', 'agriculture_land', 'barren_land']"
946386,train,DSet/train\946386_sat.jpg,DSet/train\946386_mask.png,"['water', 'urban_land', 'rangeland', 'agriculture_land']"
946408,train,DSet/train\946408_sat.jpg,DSet/train\946408_mask.png,"['urban_land', 'rangeland', 'agriculture_land', 'barren_land']"
946475,train,DSet/train\946475_sat.jpg,DSet/train\946475_mask.png,"['urban_land', 'rangeland', 'barren_land']"
947994,train,DSet/train\947994_sat.jpg,DSet/train\947994_mask.png,"['urban_land', 'agriculture_land']"
949235,train,DSet/train\949235_sat.jpg,DSet/train\949235_mask.png,"['water', 'agriculture_land', 'barren_land']"
949559,train,DSet/train\949559_sat.jpg,DSet/train\949559_mask.png,"['water', 'forest_land', 'urban_land', 'rangeland', 'agriculture_land']"
950926,train,DSet/train\950926_sat.jpg,DSet/train\950926_mask.png,"['water', 'forest_land', 'rangeland', 'agriculture_land', 'barren_land']"
951120,train,DSet/train\951120_sat.jpg,DSet/train\951120_mask.png,"['water', 'urban_land', 'agriculture_land']"
952430,train,DSet/train\952430_sat.jpg,DSet/train\952430_mask.png,"['water', 'forest_land', 'urban_land', 'rangeland', 'agriculture_land', 'barren_land']"
954552,train,DSet/train\954552_sat.jpg,DSet/train\954552_mask.png,"['water', 'urban_land', 'rangeland', 'agriculture_land', 'barren_land']"
95613,train,DSet/train\95613_sat.jpg,DSet/train\95613_mask.png,"['rangeland', 'agriculture_land']"
956410,train,DSet/train\956410_sat.jpg,DSet/train\956410_mask.png,"['water', 'urban_land', 'agriculture_land', 'barren_land']"
95683,train,DSet/train\95683_sat.jpg,DSet/train\95683_mask.png,"['water', 'urban_land', 'rangeland', 'agriculture_land', 'barren_land']"
956928,train,DSet/train\956928_sat.jpg,DSet/train\956928_mask.png,"['urban_land', 'agriculture_land', 'barren_land']"
958243,train,DSet/train\958243_sat.jpg,DSet/train\958243_mask.png,"['water', 'urban_land', 'rangeland', 'agriculture_land', 'barren_land']"
958443,train,DSet/train\958443_sat.jpg,DSet/train\958443_mask.png,"['urban_land', 'rangeland', 'agriculture_land', 'barren_land']"
95863,train,DSet/train\95863_sat.jpg,DSet/train\95863_mask.png,"['water', 'urban_land', 'rangeland', 'agriculture_land']"
961407,train,DSet/train\961407_sat.jpg,DSet/train\961407_mask.png,"['water', 'forest_land', 'barren_land']"
961919,train,DSet/train\961919_sat.jpg,DSet/train\961919_mask.png,"['water', 'urban_land', 'rangeland', 'agriculture_land', 'barren_land']"
965276,train,DSet/train\965276_sat.jpg,DSet/train\965276_mask.png,"['urban_land', 'rangeland', 'agriculture_land']"
965977,train,DSet/train\965977_sat.jpg,DSet/train\965977_mask.png,"['water', 'urban_land', 'rangeland', 'agriculture_land', 'barren_land']"
967818,train,DSet/train\967818_sat.jpg,DSet/train\967818_mask.png,"['forest_land', 'agriculture_land', 'barren_land']"
96841,train,DSet/train\96841_sat.jpg,DSet/train\96841_mask.png,"['water', 'urban_land', 'rangeland', 'agriculture_land']"
96870,train,DSet/train\96870_sat.jpg,DSet/train\96870_mask.png,"['forest_land', 'rangeland', 'agriculture_land']"
969934,train,DSet/train\969934_sat.jpg,DSet/train\969934_mask.png,"['water', 'urban_land', 'rangeland', 'agriculture_land']"
970925,train,DSet/train\970925_sat.jpg,DSet/train\970925_mask.png,"['urban_land', 'agriculture_land', 'barren_land']"
971880,train,DSet/train\971880_sat.jpg,DSet/train\971880_mask.png,"['water', 'agriculture_land', 'barren_land']"
97337,train,DSet/train\97337_sat.jpg,DSet/train\97337_mask.png,"['water', 'rangeland', 'agriculture_land']"
978039,train,DSet/train\978039_sat.jpg,DSet/train\978039_mask.png,"['forest_land', 'urban_land', 'agriculture_land']"
981253,train,DSet/train\981253_sat.jpg,DSet/train\981253_mask.png,"['forest_land', 'urban_land', 'agriculture_land', 'barren_land']"
98150,train,DSet/train\98150_sat.jpg,DSet/train\98150_mask.png,"['water', 'urban_land', 'rangeland', 'agriculture_land']"
981852,train,DSet/train\981852_sat.jpg,DSet/train\981852_mask.png,"['forest_land', 'rangeland', 'agriculture_land', 'barren_land']"
982744,train,DSet/train\982744_sat.jpg,DSet/train\982744_mask.png,"['urban_land', 'agriculture_land']"
983603,train,DSet/train\983603_sat.jpg,DSet/train\983603_mask.png,"['urban_land', 'agriculture_land', 'barren_land']"
986342,train,DSet/train\986342_sat.jpg,DSet/train\986342_mask.png,"['forest_land', 'agriculture_land', 'barren_land']"
987079,train,DSet/train\987079_sat.jpg,DSet/train\987079_mask.png,"['urban_land', 'rangeland', 'barren_land']"
987381,train,DSet/train\987381_sat.jpg,DSet/train\987381_mask.png,"['unknown', 'water', 'urban_land', 'rangeland', 'agriculture_land']"
987427,train,DSet/train\987427_sat.jpg,DSet/train\987427_mask.png,"['water', 'rangeland', 'agriculture_land']"
988517,train,DSet/train\988517_sat.jpg,DSet/train\988517_mask.png,"['urban_land', 'agriculture_land']"
989499,train,DSet/train\989499_sat.jpg,DSet/train\989499_mask.png,"['water', 'urban_land', 'rangeland', 'agriculture_land', 'barren_land']"
990573,train,DSet/train\990573_sat.jpg,DSet/train\990573_mask.png,"['water', 'agriculture_land', 'barren_land']"
990617,train,DSet/train\990617_sat.jpg,DSet/train\990617_mask.png,"['water', 'urban_land', 'rangeland', 'agriculture_land']"
990619,train,DSet/train\990619_sat.jpg,DSet/train\990619_mask.png,"['water', 'urban_land', 'rangeland', 'agriculture_land', 'barren_land']"
991758,train,DSet/train\991758_sat.jpg,DSet/train\991758_mask.png,"['water', 'urban_land', 'rangeland', 'barren_land']"
992507,train,DSet/train\992507_sat.jpg,DSet/train\992507_mask.png,"['water', 'forest_land', 'agriculture_land']"
994520,train,DSet/train\994520_sat.jpg,DSet/train\994520_mask.png,"['water', 'agriculture_land']"
995492,train,DSet/train\995492_sat.jpg,DSet/train\995492_mask.png,"['urban_land', 'rangeland', 'agriculture_land', 'barren_land']"
997521,train,DSet/train\997521_sat.jpg,DSet/train\997521_mask.png,"['water', 'urban_land', 'rangeland', 'agriculture_land', 'barren_land']"
998002,train,DSet/train\998002_sat.jpg,DSet/train\998002_mask.png,"['forest_land', 'urban_land', 'rangeland', 'agriculture_land']"
